INSERT INTO usuarios(id,contato,cpf,NULL,NULL,funcao,login,nome,senha) VALUES (32,'(92) 9-9470-0202','873.420.062-20',NULL,'Analista de Vendas','Tiago','Tiago da Silva Dantas','$2a$10$3qx8zRtYRtThYCE7GyPRzOPGDNV8TU5cy7C3lNK24AGbCbUmTAlQC');
INSERT INTO usuarios(id,contato,cpf,foto,funcao,login,nome,senha) VALUES (1,'(92) 9-9427-9086','739.187.842-15',NULL,'CEO','Tacito','Tácito Alfredo Dantas Neto','$2a$10$hjcMMhXTprbEcMfzX98J/.wsRexGLfQSq6meH.AgvirhLg5nIufaS');
INSERT INTO usuarios(id,contato,cpf,foto,funcao,login,nome,senha) VALUES (37569,'(92) 9-9608-2896','644.828.982-87',NULL,'Analista de Vendas','Nilton','Nilton César da Silva Dantas','$2a$10$yp6XFpu59Ba1mTNWArebBu4Dskq5PsoDhAimyj350V3dIG2JuYG/K');
INSERT INTO usuarios(id,contato,cpf,foto,funcao,login,nome,senha) VALUES (37570,'(92) 9-9436-2926','935.285.312-15',NULL,'Analista de Vendas','Risonildo','Risonildo da Silva Dantas','$2a$10$9k1zRolkRIn7HBom1NGbeubjMCGCcfyPkXjP6vWlihY0HLRxTKkGC');

INSERT INTO grupos (id, nome, descricao) VALUES (1, 'ADMINISTRADOR', 'Administrador'), (2, 'USUARIO_AVANCADO','Usuário Avançado'), (3, 'USUARIO_COMUM','Usuário Comum'); 

INSERT INTO usuario_grupo (usuario_id, grupo_id) VALUES (1, 1);

INSERT INTO categoria_produtos(id,nome) VALUES (1,'Porta');
INSERT INTO categoria_produtos(id,nome) VALUES (3,'Fechadura');
INSERT INTO categoria_produtos(id,nome) VALUES (2,'Aduelas');
INSERT INTO categoria_produtos(id,nome) VALUES (4,'Molduras');
INSERT INTO categoria_produtos(id,nome) VALUES (6,'Espuma');
INSERT INTO categoria_produtos(id,nome) VALUES (8,'Trilho');
INSERT INTO categoria_produtos(id,nome) VALUES (10,'Puxador');
INSERT INTO categoria_produtos(id,nome) VALUES (5,'Dobradiças');
INSERT INTO categoria_produtos(id,nome) VALUES (7,'Kit Padrão');
INSERT INTO categoria_produtos(id,nome) VALUES (153,'Batedor');
INSERT INTO categoria_produtos(id,nome) VALUES (154,'Vista');
INSERT INTO categoria_produtos(id,nome) VALUES (9,'Roudana');

INSERT INTO fornecedores(id,contato,nome) VALUES (1,'(92) 9-9252-5903','Madeforming');
INSERT INTO fornecedores(id,contato,nome) VALUES (2,'(22) 9-9229-7261','Stam');
INSERT INTO fornecedores(id,contato,nome) VALUES (11,NULL,'Marcelo');
INSERT INTO fornecedores(id,contato,nome) VALUES (12,NULL,'Avelino');

INSERT INTO produtos(id,codigo,descricao,foto,urlImagem,locacao,margemlucro,nome,quantidadeatual,categoriaproduto_id,fornecedor_id) VALUES (101,34948,'34948 - FECHADURA 803/21 ROSETA INOX(G)',NULL,NULL,'Loja',80,'EXTERNA INOX',46,3,2);
INSERT INTO produtos(id,codigo,descricao,foto,urlImagem,locacao,margemlucro,nome,quantidadeatual,categoriaproduto_id,fornecedor_id) VALUES (95,35086,'35086 - FECHADURA 1801/21 - ESP. OXIDADO (G)',NULL,NULL,'Loja',60,'EXTERNA OXIDADA',0,3,2);
INSERT INTO produtos(id,codigo,descricao,foto,urlImagem,locacao,margemlucro,nome,quantidadeatual,categoriaproduto_id,fornecedor_id) VALUES (75,40391,'40391 - FECHADURA 803/33 GORJE EXTERNA OXIDADO',NULL,NULL,'Loja',50,'EXTERNA OXIDADA',0,3,2);
INSERT INTO produtos(id,codigo,descricao,foto,urlImagem,locacao,margemlucro,nome,quantidadeatual,categoriaproduto_id,fornecedor_id) VALUES (98,36758,'36758 - FECHADURA 803/21 - ROSETA QUADRADA INOX (G',NULL,NULL,'Loja',42,'EXTERNA INOX',0,3,2);
INSERT INTO produtos(id,codigo,descricao,foto,urlImagem,locacao,margemlucro,nome,quantidadeatual,categoriaproduto_id,fornecedor_id) VALUES (100,11115,'11115 - FECHADURA 1820/10 - ESP. OXIDADO',NULL,NULL,'Loja',80,'BANHEIRO OXIDADA',1,3,2);
INSERT INTO produtos(id,codigo,descricao,foto,urlImagem,locacao,margemlucro,nome,quantidadeatual,categoriaproduto_id,fornecedor_id) VALUES (122,784,'784 - PORTA BRANCA FRISO 04 210X60',NULL,NULL,'Loja',36,'PORTA DE 60',5,1,1);
INSERT INTO produtos(id,codigo,descricao,foto,urlImagem,locacao,margemlucro,nome,quantidadeatual,categoriaproduto_id,fornecedor_id) VALUES (96,11352,'11352 - FECHADURA 1820/21 - ESP. OXIDADO',NULL,NULL,'Loja',80,'BANHEIRO OXIDADA',3,3,2);
INSERT INTO produtos(id,codigo,descricao,foto,urlImagem,locacao,margemlucro,nome,quantidadeatual,categoriaproduto_id,fornecedor_id) VALUES (89,40444,'40444 - FECHADURA 823/33 - ESP. OXIDADO',NULL,NULL,'Loja',40,'BANHEIRO OXIDADA',0,3,2);
INSERT INTO produtos(id,codigo,descricao,foto,urlImagem,locacao,margemlucro,nome,quantidadeatual,categoriaproduto_id,fornecedor_id) VALUES (120,819,'819 - PORTA MOGNO LISA 210X60',NULL,NULL,'Loja',36,'PORTA DE 60',3,1,1);
INSERT INTO produtos(id,codigo,descricao,foto,urlImagem,locacao,margemlucro,nome,quantidadeatual,categoriaproduto_id,fornecedor_id) VALUES (103,34950,'34950 - FECHADURA 803/21 ROSETA OXIDADO E COAT (G)',NULL,NULL,'Loja',40,'EXTERNA OXIDADA',36,3,2);
INSERT INTO produtos(id,codigo,descricao,foto,urlImagem,locacao,margemlucro,nome,quantidadeatual,categoriaproduto_id,fornecedor_id) VALUES (88,40481,'40481 - FECHADURA 824/33 - ESP. OXIDADO',NULL,NULL,'Loja',40,'BANHEIRO OXIDADA',0,3,2);
INSERT INTO produtos(id,codigo,descricao,foto,urlImagem,locacao,margemlucro,nome,quantidadeatual,categoriaproduto_id,fornecedor_id) VALUES (91,40467,'40467 - FECHADURA 804/33 - ESP. INOX (G)',NULL,NULL,'Loja',60,'EXTERNA INOX',199,3,2);
INSERT INTO produtos(id,codigo,descricao,foto,urlImagem,locacao,margemlucro,nome,quantidadeatual,categoriaproduto_id,fornecedor_id) VALUES (113,820,'820 - PORTA MOGNO LISA 210X70',NULL,NULL,'Loja',36,'PORTA DE 70',10,1,1);
INSERT INTO produtos(id,codigo,descricao,foto,urlImagem,locacao,margemlucro,nome,quantidadeatual,categoriaproduto_id,fornecedor_id) VALUES (19,103,'103 - DOBRADIÇAS',NULL,NULL,'Loja',100,'DOBRADIÇAS',0,5,12);
INSERT INTO produtos(id,codigo,descricao,foto,urlImagem,locacao,margemlucro,nome,quantidadeatual,categoriaproduto_id,fornecedor_id) VALUES (115,783,'783 - PORTA BRANCA FRISO 03 210X90',NULL,NULL,'Loja',36,'PORTA DE 90',5,1,1);
INSERT INTO produtos(id,codigo,descricao,foto,urlImagem,locacao,margemlucro,nome,quantidadeatual,categoriaproduto_id,fornecedor_id) VALUES (87,40469,'40469 - FECHADURA 804/33 - ESP. OXIDADO (G)',NULL,NULL,'Loja',40,'EXTERNA OXIDADA',0,3,2);
INSERT INTO produtos(id,codigo,descricao,foto,urlImagem,locacao,margemlucro,nome,quantidadeatual,categoriaproduto_id,fornecedor_id) VALUES (76,36772,'36772 - FECHADURA 823/21 ROSETA QUADRADA BANHEIRO OXIDADO',NULL,NULL,'Loja',50,'BANHEIRO OXIDADA',1,3,2);
INSERT INTO produtos(id,codigo,descricao,foto,urlImagem,locacao,margemlucro,nome,quantidadeatual,categoriaproduto_id,fornecedor_id) VALUES (93,35038,'35038 - FECHADURA 804/11 - ESP. INOX (G)',NULL,NULL,'Loja',30,'EXTERNA INOX',0,3,2);
INSERT INTO produtos(id,codigo,descricao,foto,urlImagem,locacao,margemlucro,nome,quantidadeatual,categoriaproduto_id,fornecedor_id) VALUES (118,785,'785 - PORTA BRANCA FRISO 04 210X70',NULL,NULL,'Loja',36,'PORTA DE 70',1,1,1);
INSERT INTO produtos(id,codigo,descricao,foto,urlImagem,locacao,margemlucro,nome,quantidadeatual,categoriaproduto_id,fornecedor_id) VALUES (90,40443,'40443 - FECHADURA 823/33 - ESP. INOX',NULL,NULL,'Loja',95,'BANHEIRO INOX',0,3,2);
INSERT INTO produtos(id,codigo,descricao,foto,urlImagem,locacao,margemlucro,nome,quantidadeatual,categoriaproduto_id,fornecedor_id) VALUES (104,35166,'35166 - FECHADURA 823/21 ROSETA OXIDADO E COAT',NULL,NULL,'Loja',70,'BANHEIRO INOX',9,3,2);
INSERT INTO produtos(id,codigo,descricao,foto,urlImagem,locacao,margemlucro,nome,quantidadeatual,categoriaproduto_id,fornecedor_id) VALUES (92,40480,'40480 - FECHADURA 824/33 - ESP. INOX',NULL,NULL,'Loja',95,'BANHEIRO INOX',1,3,2);
INSERT INTO produtos(id,codigo,descricao,foto,urlImagem,locacao,margemlucro,nome,quantidadeatual,categoriaproduto_id,fornecedor_id) VALUES (86,11494,'11494 - FECHADURA 823/21 - ESP. OXIDADO',NULL,NULL,'Loja',50,'BANHEIRO OXIDADA',0,3,2);
INSERT INTO produtos(id,codigo,descricao,foto,urlImagem,locacao,margemlucro,nome,quantidadeatual,categoriaproduto_id,fornecedor_id) VALUES (102,11491,'11491 - FECHADURA 823/21 ROSETA ESP INOX',NULL,NULL,'Loja',100,'BANHEIRO INOX',10,3,2);
INSERT INTO produtos(id,codigo,descricao,foto,urlImagem,locacao,margemlucro,nome,quantidadeatual,categoriaproduto_id,fornecedor_id) VALUES (121,787,'787 - PORTA BRANCA FRISO 04 210X90',NULL,NULL,'Loja',36,'PORTA DE 90',0,1,1);
INSERT INTO produtos(id,codigo,descricao,foto,urlImagem,locacao,margemlucro,nome,quantidadeatual,categoriaproduto_id,fornecedor_id) VALUES (85,35111,'35111 - FECHADURA 803/21 - ESP. OXIDADO (G)',NULL,NULL,'Loja',40,'EXTERNA OXIDADA',0,3,2);
INSERT INTO produtos(id,codigo,descricao,foto,urlImagem,locacao,margemlucro,nome,quantidadeatual,categoriaproduto_id,fornecedor_id) VALUES (119,789,'789 - PORTA BRANCA FRISO 05 210X70',NULL,NULL,'Loja',36,'PORTA DE 70',4,1,1);
INSERT INTO produtos(id,codigo,descricao,foto,urlImagem,locacao,margemlucro,nome,quantidadeatual,categoriaproduto_id,fornecedor_id) VALUES (94,35039,'35039 - FECHADURA 804/11 - ESP. OXIDADO (G)',NULL,NULL,'Loja',30,'EXTERNA OXIDADA',1,3,2);
INSERT INTO produtos(id,codigo,descricao,foto,urlImagem,locacao,margemlucro,nome,quantidadeatual,categoriaproduto_id,fornecedor_id) VALUES (116,780,'780 - PORTA BRANCA FRISO 03 210X60',NULL,NULL,'Loja',36,'PORTA DE 60',7,1,1);
INSERT INTO produtos(id,codigo,descricao,foto,urlImagem,locacao,margemlucro,nome,quantidadeatual,categoriaproduto_id,fornecedor_id) VALUES (99,35093,'35093 - FECHADURA 1801/10 - ESP. OXIDADO (G)',NULL,NULL,'Loja',60,'EXTERNA OXIDADA',10,3,2);
INSERT INTO produtos(id,codigo,descricao,foto,urlImagem,locacao,margemlucro,nome,quantidadeatual,categoriaproduto_id,fornecedor_id) VALUES (155,700,'700 - BATEDOR PORTA DE CORRER',NULL,NULL,'Loja',100,'BATEDOR',18,153,11);
INSERT INTO produtos(id,codigo,descricao,foto,urlImagem,locacao,margemlucro,nome,quantidadeatual,categoriaproduto_id,fornecedor_id) VALUES (147,224,'224 - JOGO DE ADUELA BRANCO',NULL,NULL,'Loja',35,'ADUELA BRANCO',3,2,1);
INSERT INTO produtos(id,codigo,descricao,foto,urlImagem,locacao,margemlucro,nome,quantidadeatual,categoriaproduto_id,fornecedor_id) VALUES (135,803,'803-PORTA MOGNO FRISO 02 210X60',NULL,NULL,'Loja',36,'PORTA DE 60',7,1,1);
INSERT INTO produtos(id,codigo,descricao,foto,urlImagem,locacao,margemlucro,nome,quantidadeatual,categoriaproduto_id,fornecedor_id) VALUES (165,500,'500 - ROUDANA',NULL,NULL,'Loja',100,'ROUDANA',0,9,12);
INSERT INTO produtos(id,codigo,descricao,foto,urlImagem,locacao,margemlucro,nome,quantidadeatual,categoriaproduto_id,fornecedor_id) VALUES (146,223,'223 - JOGO DE ADUELA MOGNO',NULL,NULL,'Loja',35,'ADUELA MOGNO',4,2,1);
INSERT INTO produtos(id,codigo,descricao,foto,urlImagem,locacao,margemlucro,nome,quantidadeatual,categoriaproduto_id,fornecedor_id) VALUES (151,225,'225 - JOGO DE MOLDURA MOGNO',NULL,NULL,'Loja',100,'MOLDURA MOGNO',4,4,1);
INSERT INTO produtos(id,codigo,descricao,foto,urlImagem,locacao,margemlucro,nome,quantidadeatual,categoriaproduto_id,fornecedor_id) VALUES (128,814,'814 - PORTA MOGNO FRISO 04 210X90',NULL,NULL,'Loja',36,'PORTA DE 90',1,1,1);
INSERT INTO produtos(id,codigo,descricao,foto,urlImagem,locacao,margemlucro,nome,quantidadeatual,categoriaproduto_id,fornecedor_id) VALUES (123,800,'800 - PORTA MOGNO FRISO 01 210X70',NULL,NULL,'Loja',36,'PORTA DE 70',0,1,1);
INSERT INTO produtos(id,codigo,descricao,foto,urlImagem,locacao,margemlucro,nome,quantidadeatual,categoriaproduto_id,fornecedor_id) VALUES (132,833,'833 - PORTA BRANCA FRISO 08 210X80',NULL,NULL,'Loja',36,'PORTA DE 80',5,1,1);
INSERT INTO produtos(id,codigo,descricao,foto,urlImagem,locacao,margemlucro,nome,quantidadeatual,categoriaproduto_id,fornecedor_id) VALUES (133,776,'776 - PORTA BRANCA FRISO 02 210X60',NULL,NULL,'Loja',36,'PORTA DE 60',4,1,1);
INSERT INTO produtos(id,codigo,descricao,foto,urlImagem,locacao,margemlucro,nome,quantidadeatual,categoriaproduto_id,fornecedor_id) VALUES (166,900,'900 - VISTA PORTA DE CORRER MOGNO',NULL,NULL,'Loja',100,'VISTA',11,154,12);
INSERT INTO produtos(id,codigo,descricao,foto,urlImagem,locacao,margemlucro,nome,quantidadeatual,categoriaproduto_id,fornecedor_id) VALUES (161,76003,'76003 - DOBRADIÇAS COM ROLAMENTO INOX FOSCO',NULL,NULL,'Loja',100,'DOBRADIÇAS',0,5,12);
INSERT INTO produtos(id,codigo,descricao,foto,urlImagem,locacao,margemlucro,nome,quantidadeatual,categoriaproduto_id,fornecedor_id) VALUES (129,811,'811 - PORTA MOGNO FRISO 04 210X60',NULL,NULL,'Loja',36,'PORTA DE 60',7,1,1);
INSERT INTO produtos(id,codigo,descricao,foto,urlImagem,locacao,margemlucro,nome,quantidadeatual,categoriaproduto_id,fornecedor_id) VALUES (140,844,'844 - PORTA MOGNO FRISO 08 210X70',NULL,NULL,'Loja',36,'PORTA DE 70',7,1,1);
INSERT INTO produtos(id,codigo,descricao,foto,urlImagem,locacao,margemlucro,nome,quantidadeatual,categoriaproduto_id,fornecedor_id) VALUES (158,400,'400 - TRILHO POR DA CORRER',NULL,NULL,'Loja',100,'TRILHO',1,8,12);
INSERT INTO produtos(id,codigo,descricao,foto,urlImagem,locacao,margemlucro,nome,quantidadeatual,categoriaproduto_id,fornecedor_id) VALUES (156,12059,'12059 - ESPUMA EXPANSIVA SPRAY',NULL,NULL,'Loja',100,'ESPUMA',21,6,12);
INSERT INTO produtos(id,codigo,descricao,foto,urlImagem,locacao,margemlucro,nome,quantidadeatual,categoriaproduto_id,fornecedor_id) VALUES (138,831,'831 - PORTA BRANCA FRISO 08 210X60',NULL,NULL,'Loja',36,'PORTA DE 60',8,1,1);
INSERT INTO produtos(id,codigo,descricao,foto,urlImagem,locacao,margemlucro,nome,quantidadeatual,categoriaproduto_id,fornecedor_id) VALUES (137,832,'832 - PORTA BRANCA FRISO 08 210X70',NULL,NULL,'Loja',36,'PORTA DE 70',6,1,1);
INSERT INTO produtos(id,codigo,descricao,foto,urlImagem,locacao,margemlucro,nome,quantidadeatual,categoriaproduto_id,fornecedor_id) VALUES (162,76008,'76008 - DOBRADIÇAS SEM ROLAMENTO INOX POLIDO',NULL,NULL,'Loja',100,'DOBRADIÇAS',6,5,12);
INSERT INTO produtos(id,codigo,descricao,foto,urlImagem,locacao,margemlucro,nome,quantidadeatual,categoriaproduto_id,fornecedor_id) VALUES (134,816,'816 - PORTA MOGNO FRISO 05 210X70',NULL,NULL,'Loja',36,'PORTA DE 70',7,1,1);
INSERT INTO produtos(id,codigo,descricao,foto,urlImagem,locacao,margemlucro,nome,quantidadeatual,categoriaproduto_id,fornecedor_id) VALUES (150,50,'50 - MOLDURA DE 10cm',NULL,NULL,'Loja',100,'MOLDURA DE 10cm',0,4,11);
INSERT INTO produtos(id,codigo,descricao,foto,urlImagem,locacao,margemlucro,nome,quantidadeatual,categoriaproduto_id,fornecedor_id) VALUES (152,226,'226 - OGO DE MOLDURA BRANCO',NULL,NULL,'Loja',100,'MOLDURA BRANCO',3,4,1);
INSERT INTO produtos(id,codigo,descricao,foto,urlImagem,locacao,margemlucro,nome,quantidadeatual,categoriaproduto_id,fornecedor_id) VALUES (149,300,'300 - MOLDURA DE 7cm',NULL,NULL,'Loja',100,'MOLDURA DE 7cm',41,4,11);
INSERT INTO produtos(id,codigo,descricao,foto,urlImagem,locacao,margemlucro,nome,quantidadeatual,categoriaproduto_id,fornecedor_id) VALUES (127,788,'788 - PORTA BRANCA FRISO 05 210X60',NULL,NULL,'Loja',36,'PORTA DE 60',4,1,1);
INSERT INTO produtos(id,codigo,descricao,foto,urlImagem,locacao,margemlucro,nome,quantidadeatual,categoriaproduto_id,fornecedor_id) VALUES (159,76013,'76013 - DOBRADIÇAS COM ROLAMENTO INOX',NULL,NULL,'Loja',100,'DOBRADIÇAS',12,5,12);
INSERT INTO produtos(id,codigo,descricao,foto,urlImagem,locacao,margemlucro,nome,quantidadeatual,categoriaproduto_id,fornecedor_id) VALUES (78,38403,'38403 - FECHADURA 803/21 ROSETA QUADRADA 1 GORJE EXTERNA INOX',NULL,NULL,'Loja',50,'EXTERNA INOX',0,3,2);
INSERT INTO produtos(id,codigo,descricao,foto,urlImagem,locacao,margemlucro,nome,quantidadeatual,categoriaproduto_id,fornecedor_id) VALUES (125,793,'793 - PORTA BRANCA LISA 210X70',NULL,NULL,'Loja',36,'PORTA DE 70',4,1,1);
INSERT INTO produtos(id,codigo,descricao,foto,urlImagem,locacao,margemlucro,nome,quantidadeatual,categoriaproduto_id,fornecedor_id) VALUES (143,843,'843 - PORTA MOGNO FRISO 08 210X60',NULL,NULL,'Loja',36,'PORTA DE 60',3,1,1);
INSERT INTO produtos(id,codigo,descricao,foto,urlImagem,locacao,margemlucro,nome,quantidadeatual,categoriaproduto_id,fornecedor_id) VALUES (126,792,'792 - PORTA BRANCA LISA 210X60',NULL,NULL,'Loja',36,'PORTA DE 60',5,1,1);
INSERT INTO produtos(id,codigo,descricao,foto,urlImagem,locacao,margemlucro,nome,quantidadeatual,categoriaproduto_id,fornecedor_id) VALUES (130,822,'822 - PORTA MOGNO LISA 210X90',NULL,NULL,'Loja',36,'PORTA DE 90',0,1,1);
INSERT INTO produtos(id,codigo,descricao,foto,urlImagem,locacao,margemlucro,nome,quantidadeatual,categoriaproduto_id,fornecedor_id) VALUES (142,846,'846 - PORTA MOGNO FRISO 08 210X90',NULL,NULL,'Loja',36,'PORTA DE 90',1,1,1);
INSERT INTO produtos(id,codigo,descricao,foto,urlImagem,locacao,margemlucro,nome,quantidadeatual,categoriaproduto_id,fornecedor_id) VALUES (164,818,'818 - PORTA MOGNO FRISO 05 210X90',NULL,NULL,'Loja',36,'PORTA DE 90',1,1,1);
INSERT INTO produtos(id,codigo,descricao,foto,urlImagem,locacao,margemlucro,nome,quantidadeatual,categoriaproduto_id,fornecedor_id) VALUES (136,806,'806 - PORTA MOGNO FRISO 02 210X90',NULL,NULL,'Loja',36,'PORTA DE 90',2,1,1);
INSERT INTO produtos(id,codigo,descricao,foto,urlImagem,locacao,margemlucro,nome,quantidadeatual,categoriaproduto_id,fornecedor_id) VALUES (139,845,'845 - PORTA MOGNO FRISO 08 210X80',NULL,NULL,'Loja',36,'PORTA DE 80',9,1,1);
INSERT INTO produtos(id,codigo,descricao,foto,urlImagem,locacao,margemlucro,nome,quantidadeatual,categoriaproduto_id,fornecedor_id) VALUES (157,600,'600 - PUXADOR PORTA DE CORRER',NULL,NULL,'Loja',100,'PUXADOR',7,10,12);
INSERT INTO produtos(id,codigo,descricao,foto,urlImagem,locacao,margemlucro,nome,quantidadeatual,categoriaproduto_id,fornecedor_id) VALUES (141,815,'815 - PORTA MOGNO FRISO 05 210X60',NULL,NULL,'Loja',36,'PORTA DE 60',4,1,1);
INSERT INTO produtos(id,codigo,descricao,foto,urlImagem,locacao,margemlucro,nome,quantidadeatual,categoriaproduto_id,fornecedor_id) VALUES (144,834,'834 - PORTA BRANCA FRISO 08 210X90',NULL,NULL,'Loja',36,'PORTA DE 90',2,1,1);
INSERT INTO produtos(id,codigo,descricao,foto,urlImagem,locacao,margemlucro,nome,quantidadeatual,categoriaproduto_id,fornecedor_id) VALUES (77,36771,'36771 - FECHADURA 823/21 ROSETA QUADRADA BANHEIRO INOX',NULL,NULL,'Loja',50,'BANHEIRO INOX',0,3,2);
INSERT INTO produtos(id,codigo,descricao,foto,urlImagem,locacao,margemlucro,nome,quantidadeatual,categoriaproduto_id,fornecedor_id) VALUES (79,36760,'36760 - FECHADURA 803/21 ROSETA QUADRADA GORJE EXTERNA OXIDADO',NULL,NULL,'Loja',40,'EXTERNA OXIDADA',37,3,2);
INSERT INTO produtos(id,codigo,descricao,foto,urlImagem,locacao,margemlucro,nome,quantidadeatual,categoriaproduto_id,fornecedor_id) VALUES (82,11350,'11350 - FECHADURA 1820/21 BANHEIRO INOX',NULL,NULL,'Loja',75,'BANHEIRO INOX',8,3,2);
INSERT INTO produtos(id,codigo,descricao,foto,urlImagem,locacao,margemlucro,nome,quantidadeatual,categoriaproduto_id,fornecedor_id) VALUES (131,795,'795 - PORTA BRANCA LISA 210X90',NULL,NULL,'Loja',36,'PORTA DE 90',2,1,1);
INSERT INTO produtos(id,codigo,descricao,foto,urlImagem,locacao,margemlucro,nome,quantidadeatual,categoriaproduto_id,fornecedor_id) VALUES (124,794,'794 - PORTA BRANCA LISA 210X80',NULL,NULL,'Loja',36,'PORTA DE 80',6,1,1);
INSERT INTO produtos(id,codigo,descricao,foto,urlImagem,locacao,margemlucro,nome,quantidadeatual,categoriaproduto_id,fornecedor_id) VALUES (13,805,'805 - PORTA MOGNO FRISO 02 210X80',NULL,NULL,'Loja',36,'PORTA DE 80',14,1,1);
INSERT INTO produtos(id,codigo,descricao,foto,urlImagem,locacao,margemlucro,nome,quantidadeatual,categoriaproduto_id,fornecedor_id) VALUES (84,11349,'11349 - FECHADURA 1820/21 BANHEIRO ANTIQUE',NULL,NULL,'Loja',60,'BANHEIRO ANTIQUE',6,3,2);
INSERT INTO produtos(id,codigo,descricao,foto,urlImagem,locacao,margemlucro,nome,quantidadeatual,categoriaproduto_id,fornecedor_id) VALUES (110,777,'777 - PORTA BRANCA FRISO 02 210X70',NULL,NULL,'Loja',36,'PORTA DE 70',5,1,1);
INSERT INTO produtos(id,codigo,descricao,foto,urlImagem,locacao,margemlucro,nome,quantidadeatual,categoriaproduto_id,fornecedor_id) VALUES (64,778,'778 - PORTA BRANCA FRISO 02 210X80',NULL,NULL,'LOJA',36,'PORTA DE 80',10,1,1);
INSERT INTO produtos(id,codigo,descricao,foto,urlImagem,locacao,margemlucro,nome,quantidadeatual,categoriaproduto_id,fornecedor_id) VALUES (97,35040,'35040 - FECHADURA 940 - ESP. INOX (G)',NULL,NULL,'Loja',100,'EXTERNA INOX',11,3,2);
INSERT INTO produtos(id,codigo,descricao,foto,urlImagem,locacao,margemlucro,nome,quantidadeatual,categoriaproduto_id,fornecedor_id) VALUES (16,40389,'40389 - FECHADURA 803/33 GORJE EXTERNA INOX',NULL,NULL,'loja',60,'EXTERNA INOX',0,3,2);
INSERT INTO produtos(id,codigo,descricao,foto,urlImagem,locacao,margemlucro,nome,quantidadeatual,categoriaproduto_id,fornecedor_id) VALUES (106,817,'817 - PORTA MOGNO FRISO 05 210X80',NULL,NULL,'Loja',36,'PORTA DE 80',6,1,1);
INSERT INTO produtos(id,codigo,descricao,foto,urlImagem,locacao,margemlucro,nome,quantidadeatual,categoriaproduto_id,fornecedor_id) VALUES (83,35100,'35100 - FECHADURA 1801/21 GORJE EXTERNA ANTIQUE',NULL,NULL,'Loja',40,'EXTERNA ANTIQUE',0,3,2);
INSERT INTO produtos(id,codigo,descricao,foto,urlImagem,locacao,margemlucro,nome,quantidadeatual,categoriaproduto_id,fornecedor_id) VALUES (108,812,'812 - PORTA MOGNO FRISO 04 210X70',NULL,NULL,'Loja',36,'PORTA DE 70',9,1,1);
INSERT INTO produtos(id,codigo,descricao,foto,urlImagem,locacao,margemlucro,nome,quantidadeatual,categoriaproduto_id,fornecedor_id) VALUES (112,810,'810 - PORTA MOGNO FRISO 03 210X90',NULL,NULL,'Loja',36,'PORTA DE 90',4,1,1);
INSERT INTO produtos(id,codigo,descricao,foto,urlImagem,locacao,margemlucro,nome,quantidadeatual,categoriaproduto_id,fornecedor_id) VALUES (63,808,'808 - PORTA MOGNO FRISO 03 210X70',NULL,NULL,'LOJA',36,'PORTA DE 70',18,1,1);
INSERT INTO produtos(id,codigo,descricao,foto,urlImagem,locacao,margemlucro,nome,quantidadeatual,categoriaproduto_id,fornecedor_id) VALUES (107,804,'804 - PORTA MOGNO FRISO 02 210X70',NULL,NULL,'Loja',36,'PORTA DE 70',7,1,1);
INSERT INTO produtos(id,codigo,descricao,foto,urlImagem,locacao,margemlucro,nome,quantidadeatual,categoriaproduto_id,fornecedor_id) VALUES (65,782,'782 - PORTA BRANCA FRISO 03 210X80',NULL,NULL,'LOJA',36,'PORTA DE 80',19,1,1);
INSERT INTO produtos(id,codigo,descricao,foto,urlImagem,locacao,margemlucro,nome,quantidadeatual,categoriaproduto_id,fornecedor_id) VALUES (14,809,'809 - PORTA MOGNO FRISO 03 210X80',NULL,NULL,'Loja',36,'PORTA DE 80',9,1,1);
INSERT INTO produtos(id,codigo,descricao,foto,urlImagem,locacao,margemlucro,nome,quantidadeatual,categoriaproduto_id,fornecedor_id) VALUES (111,821,'821 - PORTA MOGNO LISA 210X80',NULL,NULL,'Loja',36,'PORTA DE 80',11,1,1);
INSERT INTO produtos(id,codigo,descricao,foto,urlImagem,locacao,margemlucro,nome,quantidadeatual,categoriaproduto_id,fornecedor_id) VALUES (18,102,'102 - MOLDURA PADRÃO 5CM',NULL,NULL,'Loja',100,'MOLDURA PADRÃO',222,4,11);
INSERT INTO produtos(id,codigo,descricao,foto,urlImagem,locacao,margemlucro,nome,quantidadeatual,categoriaproduto_id,fornecedor_id) VALUES (160,8556,'8556 - DOBRADIÇAS SILVANA',NULL,NULL,'Loja',100,'DOBRADIÇAS',75,5,12);
INSERT INTO produtos(id,codigo,descricao,foto,urlImagem,locacao,margemlucro,nome,quantidadeatual,categoriaproduto_id,fornecedor_id) VALUES (105,786,'786 - PORTA BRANCA FRISO 04 210X80',NULL,NULL,'Loja',36,'PORTA DE 80',1,1,1);
INSERT INTO produtos(id,codigo,descricao,foto,urlImagem,locacao,margemlucro,nome,quantidadeatual,categoriaproduto_id,fornecedor_id) VALUES (163,1653,'1653 - DOBRADIÇAS COLONIAL',NULL,NULL,'Loja',100,'DOBRADIÇAS',24,5,12);
INSERT INTO produtos(id,codigo,descricao,foto,urlImagem,locacao,margemlucro,nome,quantidadeatual,categoriaproduto_id,fornecedor_id) VALUES (109,781,'781 - PORTA BRANCA FRISO 03 210X70',NULL,NULL,'Loja',36,'PORTA DE 70',4,1,1);
INSERT INTO produtos(id,codigo,descricao,foto,urlImagem,locacao,margemlucro,nome,quantidadeatual,categoriaproduto_id,fornecedor_id) VALUES (15,36806,'36806 - FECHADURA 803/25 ROSETA QUADRADA GORJE EXTERNA INOX',NULL,NULL,'Loja',60,'EXTERNA INOX',0,3,2);
INSERT INTO produtos(id,codigo,descricao,foto,urlImagem,locacao,margemlucro,nome,quantidadeatual,categoriaproduto_id,fornecedor_id) VALUES (81,35274,'35274 - FECHADURA 1821/01 GORJE EXTERNA INOX',NULL,NULL,'Loja',50,'EXTERNA INOX',59,3,2);
INSERT INTO produtos(id,codigo,descricao,foto,urlImagem,locacao,margemlucro,nome,quantidadeatual,categoriaproduto_id,fornecedor_id) VALUES (80,10356,'10356 - FECHADURA POP LINE SOPRANO',NULL,NULL,'Loja',60,'EXTERNA INOX',9,3,12);
INSERT INTO produtos(id,codigo,descricao,foto,urlImagem,locacao,margemlucro,nome,quantidadeatual,categoriaproduto_id,fornecedor_id) VALUES (62,813,'813 - PORTA MOGNO FRISO 04 210X80',NULL,NULL,'LOJA',36,'PORTA DE 80',14,1,1);
INSERT INTO produtos(id,codigo,descricao,foto,urlImagem,locacao,margemlucro,nome,quantidadeatual,categoriaproduto_id,fornecedor_id) VALUES (117,790,'790 - PORTA BRANCA FRISO 05 210X80',NULL,NULL,'Loja',36,'PORTA DE 80',4,1,1);
INSERT INTO produtos(id,codigo,descricao,foto,urlImagem,locacao,margemlucro,nome,quantidadeatual,categoriaproduto_id,fornecedor_id) VALUES (114,807,'807 - PORTA MOGNO FRISO 03 210X60',NULL,NULL,'Loja',36,'PORTA DE 60',12,1,1);
INSERT INTO produtos(id,codigo,descricao,foto,urlImagem,locacao,margemlucro,nome,quantidadeatual,categoriaproduto_id,fornecedor_id) VALUES (17,101,'101 - ADUELA PADRÃO 13CM',NULL,NULL,'Loja',100,'ADUELAS',76,2,11);
INSERT INTO produtos(id,codigo,descricao,foto,urlImagem,locacao,margemlucro,nome,quantidadeatual,categoriaproduto_id,fornecedor_id) VALUES (145,200,'200 - ADUELAS PERSONALIZADAS',NULL,NULL,'Loja',100,'ADUELAS PERSONALIZADAS',0,2,11);

INSERT INTO bairros(id,nome,zona) VALUES (1,'Adrianápolis','CENTRO_SUL');
INSERT INTO bairros(id,nome,zona) VALUES (2,'Aleixo','CENTRO_SUL');
INSERT INTO bairros(id,nome,zona) VALUES (3,'Alvorada','CENTRO_OESTE');
INSERT INTO bairros(id,nome,zona) VALUES (4,'Armando Mendes','LESTE');
INSERT INTO bairros(id,nome,zona) VALUES (5,'Betânia','SUL');
INSERT INTO bairros(id,nome,zona) VALUES (6,'Cachoeirinha','SUL');
INSERT INTO bairros(id,nome,zona) VALUES (7,'Centro','SUL');
INSERT INTO bairros(id,nome,zona) VALUES (8,'Chapada','CENTRO_SUL');
INSERT INTO bairros(id,nome,zona) VALUES (9,'Cidade de Deus','NORTE');
INSERT INTO bairros(id,nome,zona) VALUES (10,'Cidade Nova','NORTE');
INSERT INTO bairros(id,nome,zona) VALUES (11,'Colônia Antônio Aleixo','LESTE');
INSERT INTO bairros(id,nome,zona) VALUES (12,'Colônia Oliveira Machado','SUL');
INSERT INTO bairros(id,nome,zona) VALUES (13,'Colônia Santo Antônio','NORTE');
INSERT INTO bairros(id,nome,zona) VALUES (14,'Colônia Terra Nova','NORTE');
INSERT INTO bairros(id,nome,zona) VALUES (15,'Compensa','OESTE');
INSERT INTO bairros(id,nome,zona) VALUES (16,'Coroado','LESTE');
INSERT INTO bairros(id,nome,zona) VALUES (17,'Crespo','SUL');
INSERT INTO bairros(id,nome,zona) VALUES (18,'Da Paz','CENTRO_OESTE');
INSERT INTO bairros(id,nome,zona) VALUES (19,'Distrito Industrial I','SUL');
INSERT INTO bairros(id,nome,zona) VALUES (20,'Distrito Industrial II','LESTE');
INSERT INTO bairros(id,nome,zona) VALUES (21,'Dom Pedro','CENTRO_OESTE');
INSERT INTO bairros(id,nome,zona) VALUES (22,'Educandos','SUL');
INSERT INTO bairros(id,nome,zona) VALUES (23,'Flores','CENTRO_SUL');
INSERT INTO bairros(id,nome,zona) VALUES (24,'Gilberto Mestrinho','LESTE');
INSERT INTO bairros(id,nome,zona) VALUES (25,'Glória','OESTE');
INSERT INTO bairros(id,nome,zona) VALUES (26,'Japiim','SUL');
INSERT INTO bairros(id,nome,zona) VALUES (27,'Jorge Teixeira','LESTE');
INSERT INTO bairros(id,nome,zona) VALUES (28,'Lago Azul','NORTE');
INSERT INTO bairros(id,nome,zona) VALUES (29,'Lírio do Vale','OESTE');
INSERT INTO bairros(id,nome,zona) VALUES (30,'Mauazinho','LESTE');
INSERT INTO bairros(id,nome,zona) VALUES (31,'Monte das Oliveiras','NORTE');
INSERT INTO bairros(id,nome,zona) VALUES (32,'Morro da Liberdade','SUL');
INSERT INTO bairros(id,nome,zona) VALUES (33,'Nossa Senhora Aparecida','SUL');
INSERT INTO bairros(id,nome,zona) VALUES (34,'Nossa Senhora das Graças','CENTRO_SUL');
INSERT INTO bairros(id,nome,zona) VALUES (35,'Nova Cidade','NORTE');
INSERT INTO bairros(id,nome,zona) VALUES (36,'Nova Esperança','OESTE');
INSERT INTO bairros(id,nome,zona) VALUES (37,'Novo Aleixo','NORTE');
INSERT INTO bairros(id,nome,zona) VALUES (38,'Novo Israel','NORTE');
INSERT INTO bairros(id,nome,zona) VALUES (39,'Parque 10 de Novembro','CENTRO_SUL');
INSERT INTO bairros(id,nome,zona) VALUES (40,'Petrópolis','SUL');
INSERT INTO bairros(id,nome,zona) VALUES (41,'Planalto','CENTRO_OESTE');
INSERT INTO bairros(id,nome,zona) VALUES (42,'Ponta Negra','OESTE');
INSERT INTO bairros(id,nome,zona) VALUES (43,'Praça 14 de Janeiro','SUL');
INSERT INTO bairros(id,nome,zona) VALUES (44,'Presidente Vargas','SUL');
INSERT INTO bairros(id,nome,zona) VALUES (45,'Puraquequara','LESTE');
INSERT INTO bairros(id,nome,zona) VALUES (46,'Raiz','SUL');
INSERT INTO bairros(id,nome,zona) VALUES (47,'Redençao','CENTRO_OESTE');
INSERT INTO bairros(id,nome,zona) VALUES (48,'Santa Etelvina','NORTE');
INSERT INTO bairros(id,nome,zona) VALUES (49,'Santa Luzia','SUL');
INSERT INTO bairros(id,nome,zona) VALUES (50,'Santo Agostinho','OESTE');
INSERT INTO bairros(id,nome,zona) VALUES (51,'Santo Antônio','OESTE');
INSERT INTO bairros(id,nome,zona) VALUES (52,'Sao Francisco','SUL');
INSERT INTO bairros(id,nome,zona) VALUES (53,'Sao Geraldo','CENTRO_SUL');
INSERT INTO bairros(id,nome,zona) VALUES (54,'Sao Jorge','OESTE');
INSERT INTO bairros(id,nome,zona) VALUES (55,'Sao José Operário','LESTE');
INSERT INTO bairros(id,nome,zona) VALUES (56,'Sao Lázaro','SUL');
INSERT INTO bairros(id,nome,zona) VALUES (57,'Sao Raimundo','OESTE');
INSERT INTO bairros(id,nome,zona) VALUES (58,'Tancredo Neves','LESTE');
INSERT INTO bairros(id,nome,zona) VALUES (59,'Taruma','OESTE');
INSERT INTO bairros(id,nome,zona) VALUES (60,'Taruma-Açu','OESTE');
INSERT INTO bairros(id,nome,zona) VALUES (61,'Vila Buriti','SUL');
INSERT INTO bairros(id,nome,zona) VALUES (62,'Vila da Prata','OESTE');
INSERT INTO bairros(id,nome,zona) VALUES (63,'Zumbi dos Palmares','LESTE');
INSERT INTO bairros(id,nome,zona) VALUES (64,'Não Informado','NORTE');

INSERT INTO tipos_vendas(id,descricao) VALUES (1,'Olx');
INSERT INTO tipos_vendas(id,descricao) VALUES (2,'Face');
INSERT INTO tipos_vendas(id,descricao) VALUES (33,'Loja');
INSERT INTO tipos_vendas(id,descricao) VALUES (34,'Cliente');
INSERT INTO tipos_vendas(id,descricao) VALUES (35,'Indicação');
INSERT INTO tipos_vendas(id,descricao) VALUES (36,'Instagran');
INSERT INTO tipos_vendas(id,descricao) VALUES (37,'Site');
INSERT INTO tipos_vendas(id,descricao) VALUES (3009,'Não Informado');

INSERT INTO tipos_lancamentos(id,descricao,origem) VALUES (42,'Receitas',1);
INSERT INTO tipos_lancamentos(id,descricao,origem) VALUES (40,'Custos',0);
INSERT INTO tipos_lancamentos(id,descricao,origem) VALUES (38,'Despesa fixa',0);
INSERT INTO tipos_lancamentos(id,descricao,origem) VALUES (39,'Despesa variável',0);
INSERT INTO tipos_lancamentos(id,descricao,origem) VALUES (41,'Investimentos',0);

INSERT INTO destino_lancamentos(id,descricao) VALUES (43,'Empresa');
INSERT INTO destino_lancamentos(id,descricao) VALUES (45,'Nilton Dantas');
INSERT INTO destino_lancamentos(id,descricao) VALUES (44,'Tiago Dantas');
INSERT INTO destino_lancamentos(id,descricao) VALUES (46,'Risonildo Dantas');
INSERT INTO destino_lancamentos(id,descricao) VALUES (47,'Tácito Dantas');
INSERT INTO destino_lancamentos(id,descricao) VALUES (35913,'Adriana');

INSERT INTO categoria_lancamentos(id,nome,destinolancamento_id,tipolancamento_id) VALUES (176,'Água',43,38);
INSERT INTO categoria_lancamentos(id,nome,destinolancamento_id,tipolancamento_id) VALUES (177,'Luz',43,38);
INSERT INTO categoria_lancamentos(id,nome,destinolancamento_id,tipolancamento_id) VALUES (37565,'Aporte',47,42);
INSERT INTO categoria_lancamentos(id,nome,destinolancamento_id,tipolancamento_id) VALUES (180,'Aluguel',43,38);
INSERT INTO categoria_lancamentos(id,nome,destinolancamento_id,tipolancamento_id) VALUES (183,'Manutenção de Veículos',43,39);
INSERT INTO categoria_lancamentos(id,nome,destinolancamento_id,tipolancamento_id) VALUES (186,'Manutenção de Equipamentos',43,39);
INSERT INTO categoria_lancamentos(id,nome,destinolancamento_id,tipolancamento_id) VALUES (185,'Despesas com alimentação e mantimentos',43,39);
INSERT INTO categoria_lancamentos(id,nome,destinolancamento_id,tipolancamento_id) VALUES (190,'Aquisição de bens e equipamentos',43,40);
INSERT INTO categoria_lancamentos(id,nome,destinolancamento_id,tipolancamento_id) VALUES (25832,'Avarias',43,39);
INSERT INTO categoria_lancamentos(id,nome,destinolancamento_id,tipolancamento_id) VALUES (25833,'Combustível',43,39);
INSERT INTO categoria_lancamentos(id,nome,destinolancamento_id,tipolancamento_id) VALUES (25834,'Custos e viagens a negócios',43,39);
INSERT INTO categoria_lancamentos(id,nome,destinolancamento_id,tipolancamento_id) VALUES (25836,'Despesas com saúde',43,39);
INSERT INTO categoria_lancamentos(id,nome,destinolancamento_id,tipolancamento_id) VALUES (25837,'Empréstimos',43,41);
INSERT INTO categoria_lancamentos(id,nome,destinolancamento_id,tipolancamento_id) VALUES (25838,'Frete de veículos',43,39);
INSERT INTO categoria_lancamentos(id,nome,destinolancamento_id,tipolancamento_id) VALUES (25839,'Impostos',43,39);
INSERT INTO categoria_lancamentos(id,nome,destinolancamento_id,tipolancamento_id) VALUES (25840,'Limpeza e serviços gerais',43,39);
INSERT INTO categoria_lancamentos(id,nome,destinolancamento_id,tipolancamento_id) VALUES (25841,'Mão de obra com entregas',43,39);
INSERT INTO categoria_lancamentos(id,nome,destinolancamento_id,tipolancamento_id) VALUES (25842,'Mão de obra em aduelas e alisares',43,40);
INSERT INTO categoria_lancamentos(id,nome,destinolancamento_id,tipolancamento_id) VALUES (25843,'Material e serviço de construção',43,39);
INSERT INTO categoria_lancamentos(id,nome,destinolancamento_id,tipolancamento_id) VALUES (25844,'Material indireto',43,39);
INSERT INTO categoria_lancamentos(id,nome,destinolancamento_id,tipolancamento_id) VALUES (25845,'Material para acabamento em aduelas e alisares',43,40);
INSERT INTO categoria_lancamentos(id,nome,destinolancamento_id,tipolancamento_id) VALUES (25846,'Material para serviços em MDF',43,40);
INSERT INTO categoria_lancamentos(id,nome,destinolancamento_id,tipolancamento_id) VALUES (25847,'Material para acabamento em portas',43,40);
INSERT INTO categoria_lancamentos(id,nome,destinolancamento_id,tipolancamento_id) VALUES (25848,'Material para serviços em vidro',43,40);
INSERT INTO categoria_lancamentos(id,nome,destinolancamento_id,tipolancamento_id) VALUES (25849,'Material para uso direto',43,39);
INSERT INTO categoria_lancamentos(id,nome,destinolancamento_id,tipolancamento_id) VALUES (25850,'Outras receitas',43,42);
INSERT INTO categoria_lancamentos(id,nome,destinolancamento_id,tipolancamento_id) VALUES (25851,'Propaganda e marketing',43,39);
INSERT INTO categoria_lancamentos(id,nome,destinolancamento_id,tipolancamento_id) VALUES (25853,'Segurança',43,39);
INSERT INTO categoria_lancamentos(id,nome,destinolancamento_id,tipolancamento_id) VALUES (25854,'Serviço de manutenção em geral',43,39);
INSERT INTO categoria_lancamentos(id,nome,destinolancamento_id,tipolancamento_id) VALUES (178,'Telefone, internet e informática',43,38);
INSERT INTO categoria_lancamentos(id,nome,destinolancamento_id,tipolancamento_id) VALUES (25855,'Transporte',43,38);
INSERT INTO categoria_lancamentos(id,nome,destinolancamento_id,tipolancamento_id) VALUES (25835,'Salários  / Décimo / Férias / Bônus / PLR',43,40);

INSERT INTO compras(id,ano,datacompra,dia,mes,nomedia,numerocompra,quantidadeitens,semana,valortotal,usuario_id) VALUES (28555,2019,'2019-02-15 00:00:00',15,2,6,1,7,7,980.00,1);
INSERT INTO compras(id,ano,datacompra,dia,mes,nomedia,numerocompra,quantidadeitens,semana,valortotal,usuario_id) VALUES (28561,2019,'2019-02-14 00:00:00',14,2,5,3,20,7,2200.00,1);
INSERT INTO compras(id,ano,datacompra,dia,mes,nomedia,numerocompra,quantidadeitens,semana,valortotal,usuario_id) VALUES (28570,2019,'2019-02-10 00:00:00',10,2,1,4,10,7,250.00,1);
INSERT INTO compras(id,ano,datacompra,dia,mes,nomedia,numerocompra,quantidadeitens,semana,valortotal,usuario_id) VALUES (28572,2019,'2019-02-10 00:00:00',10,2,1,5,10,7,180.00,1);
INSERT INTO compras(id,ano,datacompra,dia,mes,nomedia,numerocompra,quantidadeitens,semana,valortotal,usuario_id) VALUES (28574,2019,'2019-02-14 00:00:00',14,2,5,6,1,7,10.00,1);
INSERT INTO compras(id,ano,datacompra,dia,mes,nomedia,numerocompra,quantidadeitens,semana,valortotal,usuario_id) VALUES (28576,2019,'2019-02-20 00:00:00',20,2,4,8,30,8,3300.00,1);
INSERT INTO compras(id,ano,datacompra,dia,mes,nomedia,numerocompra,quantidadeitens,semana,valortotal,usuario_id) VALUES (28586,2019,'2019-02-22 00:00:00',22,2,6,9,10,8,260.00,1);
INSERT INTO compras(id,ano,datacompra,dia,mes,nomedia,numerocompra,quantidadeitens,semana,valortotal,usuario_id) VALUES (28588,2019,'2019-02-22 00:00:00',22,2,6,10,2,8,250.00,1);
INSERT INTO compras(id,ano,datacompra,dia,mes,nomedia,numerocompra,quantidadeitens,semana,valortotal,usuario_id) VALUES (28590,2019,'2019-02-23 00:00:00',23,2,7,11,10,8,180.00,1);
INSERT INTO compras(id,ano,datacompra,dia,mes,nomedia,numerocompra,quantidadeitens,semana,valortotal,usuario_id) VALUES (28592,2019,'2019-03-10 00:00:00',10,3,1,12,52,11,5732.00,1);
INSERT INTO compras(id,ano,datacompra,dia,mes,nomedia,numerocompra,quantidadeitens,semana,valortotal,usuario_id) VALUES (28605,2019,'2019-03-02 00:00:00',2,3,7,13,10,9,250.00,1);
INSERT INTO compras(id,ano,datacompra,dia,mes,nomedia,numerocompra,quantidadeitens,semana,valortotal,usuario_id) VALUES (28607,2019,'2019-03-07 00:00:00',7,3,5,14,10,10,180.00,1);
INSERT INTO compras(id,ano,datacompra,dia,mes,nomedia,numerocompra,quantidadeitens,semana,valortotal,usuario_id) VALUES (28609,2019,'2019-03-08 00:00:00',8,3,6,15,10,10,250.00,1);
INSERT INTO compras(id,ano,datacompra,dia,mes,nomedia,numerocompra,quantidadeitens,semana,valortotal,usuario_id) VALUES (28611,2019,'2019-03-09 00:00:00',9,3,7,16,2,10,30.00,1);
INSERT INTO compras(id,ano,datacompra,dia,mes,nomedia,numerocompra,quantidadeitens,semana,valortotal,usuario_id) VALUES (28613,2018,'2018-03-14 00:00:00',14,3,4,17,10,11,250.00,1);
INSERT INTO compras(id,ano,datacompra,dia,mes,nomedia,numerocompra,quantidadeitens,semana,valortotal,usuario_id) VALUES (28615,2019,'2019-03-10 00:00:00',10,3,1,12,10,11,1100.00,1);
INSERT INTO compras(id,ano,datacompra,dia,mes,nomedia,numerocompra,quantidadeitens,semana,valortotal,usuario_id) VALUES (28617,2019,'2019-03-16 00:00:00',16,3,7,18,30,11,540.00,1);
INSERT INTO compras(id,ano,datacompra,dia,mes,nomedia,numerocompra,quantidadeitens,semana,valortotal,usuario_id) VALUES (28619,2019,'2019-03-18 00:00:00',18,3,2,19,50,12,1250.00,1);
INSERT INTO compras(id,ano,datacompra,dia,mes,nomedia,numerocompra,quantidadeitens,semana,valortotal,usuario_id) VALUES (28621,2019,'2019-03-18 00:00:00',18,3,2,20,112,12,12320.00,1);
INSERT INTO compras(id,ano,datacompra,dia,mes,nomedia,numerocompra,quantidadeitens,semana,valortotal,usuario_id) VALUES (28628,2019,'2019-03-18 00:00:00',18,3,2,21,50,12,900.00,1);
INSERT INTO compras(id,ano,datacompra,dia,mes,nomedia,numerocompra,quantidadeitens,semana,valortotal,usuario_id) VALUES (28630,2019,'2019-03-18 00:00:00',18,3,2,22,20,12,500.00,1);
INSERT INTO compras(id,ano,datacompra,dia,mes,nomedia,numerocompra,quantidadeitens,semana,valortotal,usuario_id) VALUES (28632,2019,'2019-03-27 00:00:00',27,3,4,23,43,13,4730.00,1);
INSERT INTO compras(id,ano,datacompra,dia,mes,nomedia,numerocompra,quantidadeitens,semana,valortotal,usuario_id) VALUES (28642,2019,'2019-04-10 00:00:00',10,4,4,24,45,15,5082.00,1);
INSERT INTO compras(id,ano,datacompra,dia,mes,nomedia,numerocompra,quantidadeitens,semana,valortotal,usuario_id) VALUES (28648,2019,'2019-04-11 00:00:00',11,4,5,25,20,15,500.00,1);
INSERT INTO compras(id,ano,datacompra,dia,mes,nomedia,numerocompra,quantidadeitens,semana,valortotal,usuario_id) VALUES (28650,2019,'2019-04-11 00:00:00',11,4,5,26,70,15,1941.84,1);
INSERT INTO compras(id,ano,datacompra,dia,mes,nomedia,numerocompra,quantidadeitens,semana,valortotal,usuario_id) VALUES (28659,2019,'2019-04-16 00:00:00',16,4,3,27,16,16,400.00,1);
INSERT INTO compras(id,ano,datacompra,dia,mes,nomedia,numerocompra,quantidadeitens,semana,valortotal,usuario_id) VALUES (28661,2019,'2019-04-23 00:00:00',23,4,3,28,66,17,715.26,1);
INSERT INTO compras(id,ano,datacompra,dia,mes,nomedia,numerocompra,quantidadeitens,semana,valortotal,usuario_id) VALUES (28664,2019,'2019-04-24 00:00:00',24,4,4,29,83,17,2075.00,1);
INSERT INTO compras(id,ano,datacompra,dia,mes,nomedia,numerocompra,quantidadeitens,semana,valortotal,usuario_id) VALUES (28666,2019,'2019-04-24 00:00:00',24,4,4,30,60,17,6600.00,1);
INSERT INTO compras(id,ano,datacompra,dia,mes,nomedia,numerocompra,quantidadeitens,semana,valortotal,usuario_id) VALUES (28672,2019,'2019-04-30 00:00:00',30,4,3,31,44,18,792.00,1);
INSERT INTO compras(id,ano,datacompra,dia,mes,nomedia,numerocompra,quantidadeitens,semana,valortotal,usuario_id) VALUES (28674,2019,'2019-04-30 00:00:00',30,4,3,32,135,18,3065.96,1);
INSERT INTO compras(id,ano,datacompra,dia,mes,nomedia,numerocompra,quantidadeitens,semana,valortotal,usuario_id) VALUES (28681,2019,'2019-05-04 00:00:00',4,5,7,33,12,18,300.00,1);
INSERT INTO compras(id,ano,datacompra,dia,mes,nomedia,numerocompra,quantidadeitens,semana,valortotal,usuario_id) VALUES (28683,2019,'2019-05-11 00:00:00',11,5,7,34,30,19,540.00,1);
INSERT INTO compras(id,ano,datacompra,dia,mes,nomedia,numerocompra,quantidadeitens,semana,valortotal,usuario_id) VALUES (28685,2019,'2019-05-14 00:00:00',14,5,3,35,27,20,486.00,1);
INSERT INTO compras(id,ano,datacompra,dia,mes,nomedia,numerocompra,quantidadeitens,semana,valortotal,usuario_id) VALUES (28687,2019,'2019-05-16 00:00:00',16,5,5,36,16,20,1760.00,1);
INSERT INTO compras(id,ano,datacompra,dia,mes,nomedia,numerocompra,quantidadeitens,semana,valortotal,usuario_id) VALUES (28693,2019,'2019-05-18 00:00:00',18,5,7,37,20,20,320.00,1);
INSERT INTO compras(id,ano,datacompra,dia,mes,nomedia,numerocompra,quantidadeitens,semana,valortotal,usuario_id) VALUES (28695,2019,'2019-05-21 00:00:00',21,5,3,38,14,21,1624.00,1);
INSERT INTO compras(id,ano,datacompra,dia,mes,nomedia,numerocompra,quantidadeitens,semana,valortotal,usuario_id) VALUES (28698,2019,'2019-05-21 00:00:00',21,5,3,39,66,21,715.74,1);
INSERT INTO compras(id,ano,datacompra,dia,mes,nomedia,numerocompra,quantidadeitens,semana,valortotal,usuario_id) VALUES (28701,2019,'2019-05-21 00:00:00',21,5,3,40,14,21,550.00,1);
INSERT INTO compras(id,ano,datacompra,dia,mes,nomedia,numerocompra,quantidadeitens,semana,valortotal,usuario_id) VALUES (28704,2019,'2019-05-22 00:00:00',22,5,4,41,19,21,475.00,1);
INSERT INTO compras(id,ano,datacompra,dia,mes,nomedia,numerocompra,quantidadeitens,semana,valortotal,usuario_id) VALUES (28706,2019,'2019-05-22 00:00:00',22,5,4,42,14,21,1414.00,1);
INSERT INTO compras(id,ano,datacompra,dia,mes,nomedia,numerocompra,quantidadeitens,semana,valortotal,usuario_id) VALUES (28708,2019,'2019-05-22 00:00:00',22,5,4,43,120,21,3000.00,1);
INSERT INTO compras(id,ano,datacompra,dia,mes,nomedia,numerocompra,quantidadeitens,semana,valortotal,usuario_id) VALUES (28710,2019,'2019-06-02 00:00:00',2,6,1,44,17,23,306.00,1);
INSERT INTO compras(id,ano,datacompra,dia,mes,nomedia,numerocompra,quantidadeitens,semana,valortotal,usuario_id) VALUES (28712,2019,'2019-06-12 00:00:00',12,6,4,45,360,24,8690.10,1);
INSERT INTO compras(id,ano,datacompra,dia,mes,nomedia,numerocompra,quantidadeitens,semana,valortotal,usuario_id) VALUES (28725,2019,'2019-06-14 00:00:00',14,6,6,46,2,24,202.00,1);
INSERT INTO compras(id,ano,datacompra,dia,mes,nomedia,numerocompra,quantidadeitens,semana,valortotal,usuario_id) VALUES (28727,2019,'2019-06-18 00:00:00',18,6,3,47,96,25,537.12,1);
INSERT INTO compras(id,ano,datacompra,dia,mes,nomedia,numerocompra,quantidadeitens,semana,valortotal,usuario_id) VALUES (28730,2019,'2019-06-19 00:00:00',19,6,4,48,8,25,960.00,1);
INSERT INTO compras(id,ano,datacompra,dia,mes,nomedia,numerocompra,quantidadeitens,semana,valortotal,usuario_id) VALUES (28735,2019,'2019-06-26 00:00:00',26,6,4,49,4,26,200.00,1);
INSERT INTO compras(id,ano,datacompra,dia,mes,nomedia,numerocompra,quantidadeitens,semana,valortotal,usuario_id) VALUES (28737,2019,'2019-06-28 00:00:00',28,6,6,50,50,26,900.00,1);
INSERT INTO compras(id,ano,datacompra,dia,mes,nomedia,numerocompra,quantidadeitens,semana,valortotal,usuario_id) VALUES (28739,2019,'2019-07-03 00:00:00',3,7,4,51,3,27,360.00,1);
INSERT INTO compras(id,ano,datacompra,dia,mes,nomedia,numerocompra,quantidadeitens,semana,valortotal,usuario_id) VALUES (28741,2019,'2019-07-07 00:00:00',7,7,1,52,7,28,862.00,1);
INSERT INTO compras(id,ano,datacompra,dia,mes,nomedia,numerocompra,quantidadeitens,semana,valortotal,usuario_id) VALUES (28747,2019,'2019-07-09 00:00:00',9,7,3,53,4,28,431.00,1);
INSERT INTO compras(id,ano,datacompra,dia,mes,nomedia,numerocompra,quantidadeitens,semana,valortotal,usuario_id) VALUES (28750,2019,'2019-07-16 00:00:00',16,7,3,54,101,29,11126.00,1);
INSERT INTO compras(id,ano,datacompra,dia,mes,nomedia,numerocompra,quantidadeitens,semana,valortotal,usuario_id) VALUES (28773,2019,'2019-07-16 00:00:00',16,7,3,55,3,29,303.00,1);
INSERT INTO compras(id,ano,datacompra,dia,mes,nomedia,numerocompra,quantidadeitens,semana,valortotal,usuario_id) VALUES (28775,2019,'2019-07-26 00:00:00',26,7,6,56,70,30,1260.00,1);
INSERT INTO compras(id,ano,datacompra,dia,mes,nomedia,numerocompra,quantidadeitens,semana,valortotal,usuario_id) VALUES (28777,2019,'2019-07-26 00:00:00',26,7,6,57,22,30,2276.00,1);
INSERT INTO compras(id,ano,datacompra,dia,mes,nomedia,numerocompra,quantidadeitens,semana,valortotal,usuario_id) VALUES (28782,2019,'2019-07-27 00:00:00',27,7,7,58,120,30,575.28,1);
INSERT INTO compras(id,ano,datacompra,dia,mes,nomedia,numerocompra,quantidadeitens,semana,valortotal,usuario_id) VALUES (28785,2019,'2019-07-30 00:00:00',30,7,3,59,7,31,852.00,1);
INSERT INTO compras(id,ano,datacompra,dia,mes,nomedia,numerocompra,quantidadeitens,semana,valortotal,usuario_id) VALUES (28789,2019,'2019-07-31 00:00:00',31,7,4,60,7,31,707.00,1);
INSERT INTO compras(id,ano,datacompra,dia,mes,nomedia,numerocompra,quantidadeitens,semana,valortotal,usuario_id) VALUES (28792,2019,'2019-08-08 00:00:00',8,8,5,61,30,32,3282.00,1);
INSERT INTO compras(id,ano,datacompra,dia,mes,nomedia,numerocompra,quantidadeitens,semana,valortotal,usuario_id) VALUES (28801,2019,'2019-08-08 00:00:00',8,8,5,62,7,32,552.00,1);
INSERT INTO compras(id,ano,datacompra,dia,mes,nomedia,numerocompra,quantidadeitens,semana,valortotal,usuario_id) VALUES (28805,2019,'2019-08-16 00:00:00',16,8,6,63,20,33,2260.00,1);
INSERT INTO compras(id,ano,datacompra,dia,mes,nomedia,numerocompra,quantidadeitens,semana,valortotal,usuario_id) VALUES (28813,2019,'2019-08-19 00:00:00',19,8,2,64,17,34,306.00,1);
INSERT INTO compras(id,ano,datacompra,dia,mes,nomedia,numerocompra,quantidadeitens,semana,valortotal,usuario_id) VALUES (28815,2019,'2019-08-21 00:00:00',21,8,4,65,20,34,590.00,1);
INSERT INTO compras(id,ano,datacompra,dia,mes,nomedia,numerocompra,quantidadeitens,semana,valortotal,usuario_id) VALUES (28817,2019,'2019-08-22 00:00:00',22,8,5,66,35,34,3742.00,1);
INSERT INTO compras(id,ano,datacompra,dia,mes,nomedia,numerocompra,quantidadeitens,semana,valortotal,usuario_id) VALUES (28825,2019,'2019-08-22 00:00:00',22,8,5,67,30,34,540.00,1);
INSERT INTO compras(id,ano,datacompra,dia,mes,nomedia,numerocompra,quantidadeitens,semana,valortotal,usuario_id) VALUES (28827,2019,'2019-08-29 00:00:00',29,8,5,68,5,35,250.00,1);
INSERT INTO compras(id,ano,datacompra,dia,mes,nomedia,numerocompra,quantidadeitens,semana,valortotal,usuario_id) VALUES (28829,2019,'2019-08-29 00:00:00',29,8,5,69,11,35,1221.20,1);
INSERT INTO compras(id,ano,datacompra,dia,mes,nomedia,numerocompra,quantidadeitens,semana,valortotal,usuario_id) VALUES (28833,2019,'2019-09-04 00:00:00',4,9,4,70,10,36,1000.00,1);
INSERT INTO compras(id,ano,datacompra,dia,mes,nomedia,numerocompra,quantidadeitens,semana,valortotal,usuario_id) VALUES (28837,2019,'2019-09-07 00:00:00',7,9,7,71,1,36,140.00,1);
INSERT INTO compras(id,ano,datacompra,dia,mes,nomedia,numerocompra,quantidadeitens,semana,valortotal,usuario_id) VALUES (28839,2019,'2019-09-07 00:00:00',7,9,7,72,29,36,812.00,1);
INSERT INTO compras(id,ano,datacompra,dia,mes,nomedia,numerocompra,quantidadeitens,semana,valortotal,usuario_id) VALUES (28845,2019,'2019-09-12 00:00:00',12,9,5,74,30,37,540.00,1);
INSERT INTO compras(id,ano,datacompra,dia,mes,nomedia,numerocompra,quantidadeitens,semana,valortotal,usuario_id) VALUES (28852,2019,'2019-09-16 00:00:00',16,9,2,76,365,38,10957.77,1);
INSERT INTO compras(id,ano,datacompra,dia,mes,nomedia,numerocompra,quantidadeitens,semana,valortotal,usuario_id) VALUES (28867,2019,'2019-09-20 00:00:00',20,9,6,78,132,38,677.64,1);
INSERT INTO compras(id,ano,datacompra,dia,mes,nomedia,numerocompra,quantidadeitens,semana,valortotal,usuario_id) VALUES (28879,2019,'2019-09-20 00:00:00',20,9,6,80,27,38,765.00,1);
INSERT INTO compras(id,ano,datacompra,dia,mes,nomedia,numerocompra,quantidadeitens,semana,valortotal,usuario_id) VALUES (28899,2019,'2019-09-26 00:00:00',26,9,5,82,5,39,500.00,1);
INSERT INTO compras(id,ano,datacompra,dia,mes,nomedia,numerocompra,quantidadeitens,semana,valortotal,usuario_id) VALUES (28903,2019,'2019-10-01 00:00:00',1,10,3,84,10,40,300.00,1);
INSERT INTO compras(id,ano,datacompra,dia,mes,nomedia,numerocompra,quantidadeitens,semana,valortotal,usuario_id) VALUES (28907,2019,'2019-10-04 00:00:00',4,10,6,86,33,40,3300.00,1);
INSERT INTO compras(id,ano,datacompra,dia,mes,nomedia,numerocompra,quantidadeitens,semana,valortotal,usuario_id) VALUES (28915,2019,'2019-10-07 00:00:00',7,10,2,88,5,41,250.00,1);
INSERT INTO compras(id,ano,datacompra,dia,mes,nomedia,numerocompra,quantidadeitens,semana,valortotal,usuario_id) VALUES (28919,2019,'2019-10-11 00:00:00',11,10,6,90,37,41,3700.00,1);
INSERT INTO compras(id,ano,datacompra,dia,mes,nomedia,numerocompra,quantidadeitens,semana,valortotal,usuario_id) VALUES (28926,2019,'2019-10-11 00:00:00',11,10,6,92,12,41,1200.00,1);
INSERT INTO compras(id,ano,datacompra,dia,mes,nomedia,numerocompra,quantidadeitens,semana,valortotal,usuario_id) VALUES (28934,2019,'2019-10-14 00:00:00',14,10,2,94,132,42,677.64,1);
INSERT INTO compras(id,ano,datacompra,dia,mes,nomedia,numerocompra,quantidadeitens,semana,valortotal,usuario_id) VALUES (28941,2019,'2019-10-16 00:00:00',16,10,4,96,16,42,400.00,1);
INSERT INTO compras(id,ano,datacompra,dia,mes,nomedia,numerocompra,quantidadeitens,semana,valortotal,usuario_id) VALUES (28945,2019,'2019-10-18 00:00:00',18,10,6,98,24,42,600.00,1);
INSERT INTO compras(id,ano,datacompra,dia,mes,nomedia,numerocompra,quantidadeitens,semana,valortotal,usuario_id) VALUES (28949,2019,'2019-10-23 00:00:00',23,10,4,100,25,43,2500.00,1);
INSERT INTO compras(id,ano,datacompra,dia,mes,nomedia,numerocompra,quantidadeitens,semana,valortotal,usuario_id) VALUES (28956,2019,'2019-10-25 00:00:00',25,10,6,102,53,43,5320.00,1);
INSERT INTO compras(id,ano,datacompra,dia,mes,nomedia,numerocompra,quantidadeitens,semana,valortotal,usuario_id) VALUES (28975,2019,'2019-10-26 00:00:00',26,10,7,104,50,43,850.00,1);
INSERT INTO compras(id,ano,datacompra,dia,mes,nomedia,numerocompra,quantidadeitens,semana,valortotal,usuario_id) VALUES (28992,2019,'2019-10-31 00:00:00',31,10,5,106,35,44,595.00,1);
INSERT INTO compras(id,ano,datacompra,dia,mes,nomedia,numerocompra,quantidadeitens,semana,valortotal,usuario_id) VALUES (29004,2019,'2019-11-01 00:00:00',1,11,6,108,143,44,1349.48,1);
INSERT INTO compras(id,ano,datacompra,dia,mes,nomedia,numerocompra,quantidadeitens,semana,valortotal,usuario_id) VALUES (29013,2019,'2019-11-07 00:00:00',7,11,5,110,70,45,7180.00,1);
INSERT INTO compras(id,ano,datacompra,dia,mes,nomedia,numerocompra,quantidadeitens,semana,valortotal,usuario_id) VALUES (29031,2019,'2019-11-08 00:00:00',8,11,6,112,40,45,948.40,1);
INSERT INTO compras(id,ano,datacompra,dia,mes,nomedia,numerocompra,quantidadeitens,semana,valortotal,usuario_id) VALUES (29043,2019,'2019-11-13 00:00:00',13,11,4,114,30,46,540.00,1);
INSERT INTO compras(id,ano,datacompra,dia,mes,nomedia,numerocompra,quantidadeitens,semana,valortotal,usuario_id) VALUES (29047,2019,'2019-11-18 00:00:00',18,11,2,116,32,47,960.00,1);
INSERT INTO compras(id,ano,datacompra,dia,mes,nomedia,numerocompra,quantidadeitens,semana,valortotal,usuario_id) VALUES (29051,2019,'2019-11-19 00:00:00',19,11,3,118,5,47,600.00,1);
INSERT INTO compras(id,ano,datacompra,dia,mes,nomedia,numerocompra,quantidadeitens,semana,valortotal,usuario_id) VALUES (29060,2019,'2019-11-22 00:00:00',22,11,6,120,27,47,2740.00,1);
INSERT INTO compras(id,ano,datacompra,dia,mes,nomedia,numerocompra,quantidadeitens,semana,valortotal,usuario_id) VALUES (29066,2019,'2019-11-26 00:00:00',26,11,3,122,193,48,953.01,1);
INSERT INTO compras(id,ano,datacompra,dia,mes,nomedia,numerocompra,quantidadeitens,semana,valortotal,usuario_id) VALUES (29077,2019,'2019-11-27 00:00:00',27,11,4,124,22,48,2260.00,1);
INSERT INTO compras(id,ano,datacompra,dia,mes,nomedia,numerocompra,quantidadeitens,semana,valortotal,usuario_id) VALUES (29088,2019,'2019-11-28 00:00:00',28,11,5,126,18,48,450.00,1);
INSERT INTO compras(id,ano,datacompra,dia,mes,nomedia,numerocompra,quantidadeitens,semana,valortotal,usuario_id) VALUES (29092,2019,'2019-11-29 00:00:00',29,11,6,128,17,48,660.00,1);
INSERT INTO compras(id,ano,datacompra,dia,mes,nomedia,numerocompra,quantidadeitens,semana,valortotal,usuario_id) VALUES (29097,2019,'2019-11-30 00:00:00',30,11,7,130,9,48,225.00,1);
INSERT INTO compras(id,ano,datacompra,dia,mes,nomedia,numerocompra,quantidadeitens,semana,valortotal,usuario_id) VALUES (29111,2019,'2019-12-06 00:00:00',6,12,6,132,61,49,6280.00,1);
INSERT INTO compras(id,ano,datacompra,dia,mes,nomedia,numerocompra,quantidadeitens,semana,valortotal,usuario_id) VALUES (29130,2019,'2019-12-11 00:00:00',11,12,4,134,97,50,9700.00,1);
INSERT INTO compras(id,ano,datacompra,dia,mes,nomedia,numerocompra,quantidadeitens,semana,valortotal,usuario_id) VALUES (29146,2019,'2019-12-13 00:00:00',13,12,6,136,22,50,638.00,1);
INSERT INTO compras(id,ano,datacompra,dia,mes,nomedia,numerocompra,quantidadeitens,semana,valortotal,usuario_id) VALUES (29162,2019,'2019-12-19 00:00:00',19,12,5,138,20,51,1880.00,1);
INSERT INTO compras(id,ano,datacompra,dia,mes,nomedia,numerocompra,quantidadeitens,semana,valortotal,usuario_id) VALUES (29168,2019,'2019-12-23 00:00:00',23,12,2,140,63,52,6300.00,1);
INSERT INTO compras(id,ano,datacompra,dia,mes,nomedia,numerocompra,quantidadeitens,semana,valortotal,usuario_id) VALUES (29183,2019,'2019-12-26 00:00:00',26,12,5,142,6,52,300.00,1);
INSERT INTO compras(id,ano,datacompra,dia,mes,nomedia,numerocompra,quantidadeitens,semana,valortotal,usuario_id) VALUES (29187,2019,'2019-12-28 00:00:00',28,12,7,144,6,52,150.00,1);
INSERT INTO compras(id,ano,datacompra,dia,mes,nomedia,numerocompra,quantidadeitens,semana,valortotal,usuario_id) VALUES (29197,2020,'2020-01-07 00:00:00',7,1,3,146,52,2,936.00,1);
INSERT INTO compras(id,ano,datacompra,dia,mes,nomedia,numerocompra,quantidadeitens,semana,valortotal,usuario_id) VALUES (29201,2020,'2020-01-09 00:00:00',9,1,5,148,4,2,480.00,1);
INSERT INTO compras(id,ano,datacompra,dia,mes,nomedia,numerocompra,quantidadeitens,semana,valortotal,usuario_id) VALUES (29205,2020,'2020-01-15 00:00:00',15,1,4,150,24,3,600.00,1);
INSERT INTO compras(id,ano,datacompra,dia,mes,nomedia,numerocompra,quantidadeitens,semana,valortotal,usuario_id) VALUES (29209,2020,'2020-01-17 00:00:00',17,1,6,152,1,3,50.00,1);
INSERT INTO compras(id,ano,datacompra,dia,mes,nomedia,numerocompra,quantidadeitens,semana,valortotal,usuario_id) VALUES (29213,2020,'2020-01-17 00:00:00',17,1,6,154,122,3,11310.00,1);
INSERT INTO compras(id,ano,datacompra,dia,mes,nomedia,numerocompra,quantidadeitens,semana,valortotal,usuario_id) VALUES (29241,2020,'2020-01-18 00:00:00',18,1,7,156,192,3,817.92,1);
INSERT INTO compras(id,ano,datacompra,dia,mes,nomedia,numerocompra,quantidadeitens,semana,valortotal,usuario_id) VALUES (29245,2020,'2020-01-22 00:00:00',22,1,4,158,70,4,6605.00,1);
INSERT INTO compras(id,ano,datacompra,dia,mes,nomedia,numerocompra,quantidadeitens,semana,valortotal,usuario_id) VALUES (29257,2020,'2020-01-27 00:00:00',27,1,2,160,4,5,380.00,1);
INSERT INTO compras(id,ano,datacompra,dia,mes,nomedia,numerocompra,quantidadeitens,semana,valortotal,usuario_id) VALUES (29261,2020,'2020-01-29 00:00:00',29,1,4,162,22,5,550.00,1);
INSERT INTO compras(id,ano,datacompra,dia,mes,nomedia,numerocompra,quantidadeitens,semana,valortotal,usuario_id) VALUES (29265,2020,'2020-01-30 00:00:00',30,1,5,164,44,5,4116.00,1);
INSERT INTO compras(id,ano,datacompra,dia,mes,nomedia,numerocompra,quantidadeitens,semana,valortotal,usuario_id) VALUES (29279,2020,'2020-02-01 00:00:00',1,2,7,166,5,5,140.00,1);
INSERT INTO compras(id,ano,datacompra,dia,mes,nomedia,numerocompra,quantidadeitens,semana,valortotal,usuario_id) VALUES (29302,2020,'2020-02-06 00:00:00',6,2,5,168,1,6,95.00,1);
INSERT INTO compras(id,ano,datacompra,dia,mes,nomedia,numerocompra,quantidadeitens,semana,valortotal,usuario_id) VALUES (29306,2020,'2020-02-11 00:00:00',11,2,3,170,22,7,550.00,1);
INSERT INTO compras(id,ano,datacompra,dia,mes,nomedia,numerocompra,quantidadeitens,semana,valortotal,usuario_id) VALUES (29313,2020,'2020-02-12 00:00:00',12,2,4,172,1,7,95.00,1);
INSERT INTO compras(id,ano,datacompra,dia,mes,nomedia,numerocompra,quantidadeitens,semana,valortotal,usuario_id) VALUES (29331,2020,'2020-02-14 00:00:00',14,2,6,174,168,7,940.08,1);
INSERT INTO compras(id,ano,datacompra,dia,mes,nomedia,numerocompra,quantidadeitens,semana,valortotal,usuario_id) VALUES (29347,2020,'2020-02-19 00:00:00',19,2,4,176,150,8,12366.00,1);
INSERT INTO compras(id,ano,datacompra,dia,mes,nomedia,numerocompra,quantidadeitens,semana,valortotal,usuario_id) VALUES (29370,2020,'2020-02-29 00:00:00',29,2,7,178,13,9,579.93,1);
INSERT INTO compras(id,ano,datacompra,dia,mes,nomedia,numerocompra,quantidadeitens,semana,valortotal,usuario_id) VALUES (29374,2020,'2020-03-09 00:00:00',9,3,2,180,80,11,7496.00,1);
INSERT INTO compras(id,ano,datacompra,dia,mes,nomedia,numerocompra,quantidadeitens,semana,valortotal,usuario_id) VALUES (28841,2019,'2019-09-09 00:00:00',9,9,2,73,9,37,900.00,1);
INSERT INTO compras(id,ano,datacompra,dia,mes,nomedia,numerocompra,quantidadeitens,semana,valortotal,usuario_id) VALUES (28847,2019,'2019-09-12 00:00:00',12,9,5,75,23,37,2300.00,1);
INSERT INTO compras(id,ano,datacompra,dia,mes,nomedia,numerocompra,quantidadeitens,semana,valortotal,usuario_id) VALUES (28865,2019,'2019-09-20 00:00:00',20,9,6,77,50,38,750.00,1);
INSERT INTO compras(id,ano,datacompra,dia,mes,nomedia,numerocompra,quantidadeitens,semana,valortotal,usuario_id) VALUES (28870,2019,'2019-09-20 00:00:00',20,9,6,79,31,38,3220.00,1);
INSERT INTO compras(id,ano,datacompra,dia,mes,nomedia,numerocompra,quantidadeitens,semana,valortotal,usuario_id) VALUES (28882,2019,'2019-09-25 00:00:00',25,9,4,81,54,39,5400.00,1);
INSERT INTO compras(id,ano,datacompra,dia,mes,nomedia,numerocompra,quantidadeitens,semana,valortotal,usuario_id) VALUES (28901,2019,'2019-10-01 00:00:00',1,10,3,83,1,40,120.00,1);
INSERT INTO compras(id,ano,datacompra,dia,mes,nomedia,numerocompra,quantidadeitens,semana,valortotal,usuario_id) VALUES (28905,2019,'2019-10-02 00:00:00',2,10,4,85,39,40,1092.00,1);
INSERT INTO compras(id,ano,datacompra,dia,mes,nomedia,numerocompra,quantidadeitens,semana,valortotal,usuario_id) VALUES (28913,2019,'2019-10-07 00:00:00',7,10,2,87,4,41,400.00,1);
INSERT INTO compras(id,ano,datacompra,dia,mes,nomedia,numerocompra,quantidadeitens,semana,valortotal,usuario_id) VALUES (28917,2019,'2019-10-08 00:00:00',8,10,3,89,40,41,720.00,1);
INSERT INTO compras(id,ano,datacompra,dia,mes,nomedia,numerocompra,quantidadeitens,semana,valortotal,usuario_id) VALUES (28923,2019,'2019-10-11 00:00:00',11,10,6,91,80,41,1650.00,1);
INSERT INTO compras(id,ano,datacompra,dia,mes,nomedia,numerocompra,quantidadeitens,semana,valortotal,usuario_id) VALUES (28932,2019,'2019-10-14 00:00:00',14,10,2,93,10,42,1200.00,1);
INSERT INTO compras(id,ano,datacompra,dia,mes,nomedia,numerocompra,quantidadeitens,semana,valortotal,usuario_id) VALUES (28937,2019,'2019-10-16 00:00:00',16,10,4,95,16,42,1600.00,1);
INSERT INTO compras(id,ano,datacompra,dia,mes,nomedia,numerocompra,quantidadeitens,semana,valortotal,usuario_id) VALUES (28943,2019,'2019-10-16 00:00:00',16,10,4,97,67,42,1206.00,1);
INSERT INTO compras(id,ano,datacompra,dia,mes,nomedia,numerocompra,quantidadeitens,semana,valortotal,usuario_id) VALUES (28947,2019,'2019-10-18 00:00:00',18,10,6,99,2,42,240.00,1);
INSERT INTO compras(id,ano,datacompra,dia,mes,nomedia,numerocompra,quantidadeitens,semana,valortotal,usuario_id) VALUES (28954,2019,'2019-10-23 00:00:00',23,10,4,101,97,43,2619.00,1);
INSERT INTO compras(id,ano,datacompra,dia,mes,nomedia,numerocompra,quantidadeitens,semana,valortotal,usuario_id) VALUES (28973,2019,'2019-10-26 00:00:00',26,10,7,103,59,43,1593.00,1);
INSERT INTO compras(id,ano,datacompra,dia,mes,nomedia,numerocompra,quantidadeitens,semana,valortotal,usuario_id) VALUES (28977,2019,'2019-10-29 00:00:00',29,10,3,105,88,44,9040.00,1);
INSERT INTO compras(id,ano,datacompra,dia,mes,nomedia,numerocompra,quantidadeitens,semana,valortotal,usuario_id) VALUES (28994,2019,'2019-11-01 00:00:00',1,11,6,107,57,44,5900.00,1);
INSERT INTO compras(id,ano,datacompra,dia,mes,nomedia,numerocompra,quantidadeitens,semana,valortotal,usuario_id) VALUES (29009,2019,'2019-11-04 00:00:00',4,11,2,109,20,45,2000.00,1);
INSERT INTO compras(id,ano,datacompra,dia,mes,nomedia,numerocompra,quantidadeitens,semana,valortotal,usuario_id) VALUES (29028,2019,'2019-11-08 00:00:00',8,11,6,111,20,45,2000.00,1);
INSERT INTO compras(id,ano,datacompra,dia,mes,nomedia,numerocompra,quantidadeitens,semana,valortotal,usuario_id) VALUES (29033,2019,'2019-11-12 00:00:00',12,11,3,113,40,46,4000.00,1);
INSERT INTO compras(id,ano,datacompra,dia,mes,nomedia,numerocompra,quantidadeitens,semana,valortotal,usuario_id) VALUES (29045,2019,'2019-11-13 00:00:00',13,11,4,115,100,46,1700.00,1);
INSERT INTO compras(id,ano,datacompra,dia,mes,nomedia,numerocompra,quantidadeitens,semana,valortotal,usuario_id) VALUES (29049,2019,'2019-11-18 00:00:00',18,11,2,117,3,47,120.00,1);
INSERT INTO compras(id,ano,datacompra,dia,mes,nomedia,numerocompra,quantidadeitens,semana,valortotal,usuario_id) VALUES (29053,2019,'2019-11-22 00:00:00',22,11,6,119,440,47,10876.95,1);
INSERT INTO compras(id,ano,datacompra,dia,mes,nomedia,numerocompra,quantidadeitens,semana,valortotal,usuario_id) VALUES (29064,2019,'2019-11-22 00:00:00',22,11,6,121,190,47,3230.00,1);
INSERT INTO compras(id,ano,datacompra,dia,mes,nomedia,numerocompra,quantidadeitens,semana,valortotal,usuario_id) VALUES (29069,2019,'2019-11-26 00:00:00',26,11,3,123,27,48,2800.00,1);
INSERT INTO compras(id,ano,datacompra,dia,mes,nomedia,numerocompra,quantidadeitens,semana,valortotal,usuario_id) VALUES (29084,2019,'2019-11-28 00:00:00',28,11,5,125,11,48,1100.00,1);
INSERT INTO compras(id,ano,datacompra,dia,mes,nomedia,numerocompra,quantidadeitens,semana,valortotal,usuario_id) VALUES (29090,2019,'2019-11-29 00:00:00',29,11,6,127,9,48,360.00,1);
INSERT INTO compras(id,ano,datacompra,dia,mes,nomedia,numerocompra,quantidadeitens,semana,valortotal,usuario_id) VALUES (29095,2019,'2019-11-30 00:00:00',30,11,7,129,55,48,1567.50,1);
INSERT INTO compras(id,ano,datacompra,dia,mes,nomedia,numerocompra,quantidadeitens,semana,valortotal,usuario_id) VALUES (29099,2019,'2019-12-03 00:00:00',3,12,3,131,60,49,6040.00,1);
INSERT INTO compras(id,ano,datacompra,dia,mes,nomedia,numerocompra,quantidadeitens,semana,valortotal,usuario_id) VALUES (29128,2019,'2019-12-07 00:00:00',7,12,7,133,77,49,2233.00,1);
INSERT INTO compras(id,ano,datacompra,dia,mes,nomedia,numerocompra,quantidadeitens,semana,valortotal,usuario_id) VALUES (29144,2019,'2019-12-13 00:00:00',13,12,6,135,4,50,100.00,1);
INSERT INTO compras(id,ano,datacompra,dia,mes,nomedia,numerocompra,quantidadeitens,semana,valortotal,usuario_id) VALUES (29148,2019,'2019-12-19 00:00:00',19,12,5,137,58,51,5800.00,1);
INSERT INTO compras(id,ano,datacompra,dia,mes,nomedia,numerocompra,quantidadeitens,semana,valortotal,usuario_id) VALUES (29165,2019,'2019-12-20 00:00:00',20,12,6,139,132,51,677.64,1);
INSERT INTO compras(id,ano,datacompra,dia,mes,nomedia,numerocompra,quantidadeitens,semana,valortotal,usuario_id) VALUES (29181,2019,'2019-12-24 00:00:00',24,12,3,141,30,52,840.00,1);
INSERT INTO compras(id,ano,datacompra,dia,mes,nomedia,numerocompra,quantidadeitens,semana,valortotal,usuario_id) VALUES (29185,2019,'2019-12-26 00:00:00',26,12,5,143,20,52,500.00,1);
INSERT INTO compras(id,ano,datacompra,dia,mes,nomedia,numerocompra,quantidadeitens,semana,valortotal,usuario_id) VALUES (29189,2019,'2019-12-30 00:00:00',30,12,2,145,36,1,3600.00,1);
INSERT INTO compras(id,ano,datacompra,dia,mes,nomedia,numerocompra,quantidadeitens,semana,valortotal,usuario_id) VALUES (29199,2020,'2020-01-07 00:00:00',7,1,3,147,15,2,1500.00,1);
INSERT INTO compras(id,ano,datacompra,dia,mes,nomedia,numerocompra,quantidadeitens,semana,valortotal,usuario_id) VALUES (29203,2020,'2020-01-14 00:00:00',14,1,3,149,2,3,230.00,1);
INSERT INTO compras(id,ano,datacompra,dia,mes,nomedia,numerocompra,quantidadeitens,semana,valortotal,usuario_id) VALUES (29207,2020,'2020-01-17 00:00:00',17,1,6,151,50,3,900.00,1);
INSERT INTO compras(id,ano,datacompra,dia,mes,nomedia,numerocompra,quantidadeitens,semana,valortotal,usuario_id) VALUES (29211,2020,'2020-01-17 00:00:00',17,1,6,153,28,3,700.00,1);
INSERT INTO compras(id,ano,datacompra,dia,mes,nomedia,numerocompra,quantidadeitens,semana,valortotal,usuario_id) VALUES (29239,2020,'2020-01-18 00:00:00',18,1,7,155,20,3,500.00,1);
INSERT INTO compras(id,ano,datacompra,dia,mes,nomedia,numerocompra,quantidadeitens,semana,valortotal,usuario_id) VALUES (29243,2020,'2020-01-21 00:00:00',21,1,3,157,62,4,1550.00,1);
INSERT INTO compras(id,ano,datacompra,dia,mes,nomedia,numerocompra,quantidadeitens,semana,valortotal,usuario_id) VALUES (29255,2020,'2020-01-25 00:00:00',25,1,7,159,232,4,3944.00,1);
INSERT INTO compras(id,ano,datacompra,dia,mes,nomedia,numerocompra,quantidadeitens,semana,valortotal,usuario_id) VALUES (29259,2020,'2020-01-27 00:00:00',27,1,2,161,5,5,475.00,1);
INSERT INTO compras(id,ano,datacompra,dia,mes,nomedia,numerocompra,quantidadeitens,semana,valortotal,usuario_id) VALUES (29263,2020,'2020-01-29 00:00:00',29,1,4,163,2,5,100.00,1);
INSERT INTO compras(id,ano,datacompra,dia,mes,nomedia,numerocompra,quantidadeitens,semana,valortotal,usuario_id) VALUES (29277,2020,'2020-02-01 00:00:00',1,2,7,165,2,5,120.00,1);
INSERT INTO compras(id,ano,datacompra,dia,mes,nomedia,numerocompra,quantidadeitens,semana,valortotal,usuario_id) VALUES (29281,2020,'2020-02-06 00:00:00',6,2,5,167,110,6,10362.00,1);
INSERT INTO compras(id,ano,datacompra,dia,mes,nomedia,numerocompra,quantidadeitens,semana,valortotal,usuario_id) VALUES (29304,2020,'2020-02-07 00:00:00',7,2,6,169,50,6,1400.00,1);
INSERT INTO compras(id,ano,datacompra,dia,mes,nomedia,numerocompra,quantidadeitens,semana,valortotal,usuario_id) VALUES (29308,2020,'2020-02-12 00:00:00',12,2,4,171,28,7,2380.00,1);
INSERT INTO compras(id,ano,datacompra,dia,mes,nomedia,numerocompra,quantidadeitens,semana,valortotal,usuario_id) VALUES (29315,2020,'2020-02-13 00:00:00',13,2,5,173,80,7,7630.00,1);
INSERT INTO compras(id,ano,datacompra,dia,mes,nomedia,numerocompra,quantidadeitens,semana,valortotal,usuario_id) VALUES (29334,2020,'2020-02-15 00:00:00',15,2,7,175,490,7,12762.00,1);
INSERT INTO compras(id,ano,datacompra,dia,mes,nomedia,numerocompra,quantidadeitens,semana,valortotal,usuario_id) VALUES (29368,2020,'2020-02-28 00:00:00',28,2,6,177,28,9,700.00,1);
INSERT INTO compras(id,ano,datacompra,dia,mes,nomedia,numerocompra,quantidadeitens,semana,valortotal,usuario_id) VALUES (29372,2020,'2020-03-03 00:00:00',3,3,3,179,20,10,500.00,1);
INSERT INTO compras(id,ano,datacompra,dia,mes,nomedia,numerocompra,quantidadeitens,semana,valortotal,usuario_id) VALUES (29390,2020,'2020-03-09 00:00:00',9,3,2,181,1,11,50.00,1);
INSERT INTO compras(id,ano,datacompra,dia,mes,nomedia,numerocompra,quantidadeitens,semana,valortotal,usuario_id) VALUES (29392,2020,'2020-03-12 00:00:00',12,3,5,182,207,11,3519.00,1);
INSERT INTO compras(id,ano,datacompra,dia,mes,nomedia,numerocompra,quantidadeitens,semana,valortotal,usuario_id) VALUES (29394,2020,'2020-03-12 00:00:00',12,3,5,183,20,11,500.00,1);
INSERT INTO compras(id,ano,datacompra,dia,mes,nomedia,numerocompra,quantidadeitens,semana,valortotal,usuario_id) VALUES (29396,2020,'2020-03-13 00:00:00',13,3,6,184,50,11,1400.00,1);
INSERT INTO compras(id,ano,datacompra,dia,mes,nomedia,numerocompra,quantidadeitens,semana,valortotal,usuario_id) VALUES (29398,2020,'2020-03-13 00:00:00',13,3,6,185,7,11,805.00,1);
INSERT INTO compras(id,ano,datacompra,dia,mes,nomedia,numerocompra,quantidadeitens,semana,valortotal,usuario_id) VALUES (29402,2020,'2020-03-17 00:00:00',17,3,3,186,15,12,375.00,1);
INSERT INTO compras(id,ano,datacompra,dia,mes,nomedia,numerocompra,quantidadeitens,semana,valortotal,usuario_id) VALUES (29404,2020,'2020-03-18 00:00:00',18,3,4,187,2,12,230.00,1);
INSERT INTO compras(id,ano,datacompra,dia,mes,nomedia,numerocompra,quantidadeitens,semana,valortotal,usuario_id) VALUES (29406,2020,'2020-03-20 00:00:00',20,3,6,188,24,12,2295.00,1);
INSERT INTO compras(id,ano,datacompra,dia,mes,nomedia,numerocompra,quantidadeitens,semana,valortotal,usuario_id) VALUES (29411,2020,'2020-03-24 00:00:00',24,3,3,189,30,13,750.00,1);
INSERT INTO compras(id,ano,datacompra,dia,mes,nomedia,numerocompra,quantidadeitens,semana,valortotal,usuario_id) VALUES (29413,2020,'2020-03-24 00:00:00',24,3,3,190,144,13,677.52,1);
INSERT INTO compras(id,ano,datacompra,dia,mes,nomedia,numerocompra,quantidadeitens,semana,valortotal,usuario_id) VALUES (29416,2020,'2020-04-01 00:00:00',1,4,4,191,32,14,3140.00,1);
INSERT INTO compras(id,ano,datacompra,dia,mes,nomedia,numerocompra,quantidadeitens,semana,valortotal,usuario_id) VALUES (29423,2020,'2020-04-01 00:00:00',1,4,4,192,2,14,230.00,1);

INSERT INTO itens_compra(id,quantidade,quantidadedisponivel,total,valorunitario,compra_id,produto_id) VALUES (28597,5,0,550.00,110.00,28592,114);
INSERT INTO itens_compra(id,quantidade,quantidadedisponivel,total,valorunitario,compra_id,produto_id) VALUES (28589,2,0,250.00,125.00,28588,116);
INSERT INTO itens_compra(id,quantidade,quantidadedisponivel,total,valorunitario,compra_id,produto_id) VALUES (28678,5,0,148.90,29.78,28674,84);
INSERT INTO itens_compra(id,quantidade,quantidadedisponivel,total,valorunitario,compra_id,produto_id) VALUES (28608,10,0,180.00,18.00,28607,18);
INSERT INTO itens_compra(id,quantidade,quantidadedisponivel,total,valorunitario,compra_id,produto_id) VALUES (28655,6,0,169.86,28.31,28650,77);
INSERT INTO itens_compra(id,quantidade,quantidadedisponivel,total,valorunitario,compra_id,produto_id) VALUES (28682,12,0,300.00,25.00,28681,17);
INSERT INTO itens_compra(id,quantidade,quantidadedisponivel,total,valorunitario,compra_id,produto_id) VALUES (28676,15,0,380.25,25.35,28674,82);
INSERT INTO itens_compra(id,quantidade,quantidadedisponivel,total,valorunitario,compra_id,produto_id) VALUES (28657,10,0,359.00,35.90,28650,79);
INSERT INTO itens_compra(id,quantidade,quantidadedisponivel,total,valorunitario,compra_id,produto_id) VALUES (28654,6,0,192.06,32.01,28650,76);
INSERT INTO itens_compra(id,quantidade,quantidadedisponivel,total,valorunitario,compra_id,produto_id) VALUES (28658,12,12,152.76,12.73,28650,159);
INSERT INTO itens_compra(id,quantidade,quantidadedisponivel,total,valorunitario,compra_id,produto_id) VALUES (28594,3,0,303.00,101.00,28592,111);
INSERT INTO itens_compra(id,quantidade,quantidadedisponivel,total,valorunitario,compra_id,produto_id) VALUES (28573,10,0,180.00,18.00,28572,18);
INSERT INTO itens_compra(id,quantidade,quantidadedisponivel,total,valorunitario,compra_id,produto_id) VALUES (28625,19,0,2090.00,110.00,28621,109);
INSERT INTO itens_compra(id,quantidade,quantidadedisponivel,total,valorunitario,compra_id,produto_id) VALUES (28645,4,0,440.00,110.00,28642,114);
INSERT INTO itens_compra(id,quantidade,quantidadedisponivel,total,valorunitario,compra_id,produto_id) VALUES (28558,1,0,140.00,140.00,28555,62);
INSERT INTO itens_compra(id,quantidade,quantidadedisponivel,total,valorunitario,compra_id,produto_id) VALUES (28635,5,0,550.00,110.00,28632,107);
INSERT INTO itens_compra(id,quantidade,quantidadedisponivel,total,valorunitario,compra_id,produto_id) VALUES (28639,5,0,550.00,110.00,28632,105);
INSERT INTO itens_compra(id,quantidade,quantidadedisponivel,total,valorunitario,compra_id,produto_id) VALUES (28577,1,0,110.00,110.00,28576,13);
INSERT INTO itens_compra(id,quantidade,quantidadedisponivel,total,valorunitario,compra_id,produto_id) VALUES (28603,2,0,220.00,110.00,28592,106);
INSERT INTO itens_compra(id,quantidade,quantidadedisponivel,total,valorunitario,compra_id,produto_id) VALUES (28624,20,0,2200.00,110.00,28621,65);
INSERT INTO itens_compra(id,quantidade,quantidadedisponivel,total,valorunitario,compra_id,produto_id) VALUES (28612,2,0,30.00,15.00,28611,19);
INSERT INTO itens_compra(id,quantidade,quantidadedisponivel,total,valorunitario,compra_id,produto_id) VALUES (28568,2,0,220.00,110.00,28561,65);
INSERT INTO itens_compra(id,quantidade,quantidadedisponivel,total,valorunitario,compra_id,produto_id) VALUES (28591,10,0,180.00,18.00,28590,18);
INSERT INTO itens_compra(id,quantidade,quantidadedisponivel,total,valorunitario,compra_id,produto_id) VALUES (28578,2,0,220.00,110.00,28576,14);
INSERT INTO itens_compra(id,quantidade,quantidadedisponivel,total,valorunitario,compra_id,produto_id) VALUES (28643,3,0,396.00,132.00,28642,112);
INSERT INTO itens_compra(id,quantidade,quantidadedisponivel,total,valorunitario,compra_id,produto_id) VALUES (28660,16,0,400.00,25.00,28659,17);
INSERT INTO itens_compra(id,quantidade,quantidadedisponivel,total,valorunitario,compra_id,produto_id) VALUES (28604,2,0,220.00,110.00,28592,117);
INSERT INTO itens_compra(id,quantidade,quantidadedisponivel,total,valorunitario,compra_id,produto_id) VALUES (28634,5,0,550.00,110.00,28632,62);
INSERT INTO itens_compra(id,quantidade,quantidadedisponivel,total,valorunitario,compra_id,produto_id) VALUES (28583,3,0,330.00,110.00,28576,65);
INSERT INTO itens_compra(id,quantidade,quantidadedisponivel,total,valorunitario,compra_id,produto_id) VALUES (28560,1,0,140.00,140.00,28555,106);
INSERT INTO itens_compra(id,quantidade,quantidadedisponivel,total,valorunitario,compra_id,produto_id) VALUES (28644,20,0,2200.00,110.00,28642,14);
INSERT INTO itens_compra(id,quantidade,quantidadedisponivel,total,valorunitario,compra_id,produto_id) VALUES (28663,18,0,406.62,22.59,28661,80);
INSERT INTO itens_compra(id,quantidade,quantidadedisponivel,total,valorunitario,compra_id,produto_id) VALUES (28651,10,0,333.40,33.34,28650,15);
INSERT INTO itens_compra(id,quantidade,quantidadedisponivel,total,valorunitario,compra_id,produto_id) VALUES (28601,2,0,220.00,110.00,28592,116);
INSERT INTO itens_compra(id,quantidade,quantidadedisponivel,total,valorunitario,compra_id,produto_id) VALUES (28556,1,0,140.00,140.00,28555,13);
INSERT INTO itens_compra(id,quantidade,quantidadedisponivel,total,valorunitario,compra_id,produto_id) VALUES (28649,20,0,500.00,25.00,28648,17);
INSERT INTO itens_compra(id,quantidade,quantidadedisponivel,total,valorunitario,compra_id,produto_id) VALUES (28626,13,0,1430.00,110.00,28621,116);
INSERT INTO itens_compra(id,quantidade,quantidadedisponivel,total,valorunitario,compra_id,produto_id) VALUES (28677,5,0,170.55,34.11,28674,83);
INSERT INTO itens_compra(id,quantidade,quantidadedisponivel,total,valorunitario,compra_id,produto_id) VALUES (28616,10,0,1100.00,110.00,28615,63);
INSERT INTO itens_compra(id,quantidade,quantidadedisponivel,total,valorunitario,compra_id,produto_id) VALUES (28623,30,0,3300.00,110.00,28621,63);
INSERT INTO itens_compra(id,quantidade,quantidadedisponivel,total,valorunitario,compra_id,produto_id) VALUES (28596,3,0,303.00,101.00,28592,113);
INSERT INTO itens_compra(id,quantidade,quantidadedisponivel,total,valorunitario,compra_id,produto_id) VALUES (28669,11,0,1210.00,110.00,28666,108);
INSERT INTO itens_compra(id,quantidade,quantidadedisponivel,total,valorunitario,compra_id,produto_id) VALUES (28579,3,0,330.00,110.00,28576,62);
INSERT INTO itens_compra(id,quantidade,quantidadedisponivel,total,valorunitario,compra_id,produto_id) VALUES (28595,2,0,264.00,132.00,28592,112);
INSERT INTO itens_compra(id,quantidade,quantidadedisponivel,total,valorunitario,compra_id,produto_id) VALUES (28627,10,0,1100.00,110.00,28621,117);
INSERT INTO itens_compra(id,quantidade,quantidadedisponivel,total,valorunitario,compra_id,produto_id) VALUES (28662,48,0,308.64,6.43,28661,160);
INSERT INTO itens_compra(id,quantidade,quantidadedisponivel,total,valorunitario,compra_id,produto_id) VALUES (28673,44,0,792.00,18.00,28672,18);
INSERT INTO itens_compra(id,quantidade,quantidadedisponivel,total,valorunitario,compra_id,produto_id) VALUES (28668,15,0,1650.00,110.00,28666,62);
INSERT INTO itens_compra(id,quantidade,quantidadedisponivel,total,valorunitario,compra_id,produto_id) VALUES (28599,3,0,330.00,110.00,28592,65);
INSERT INTO itens_compra(id,quantidade,quantidadedisponivel,total,valorunitario,compra_id,produto_id) VALUES (28598,1,0,132.00,132.00,28592,115);
INSERT INTO itens_compra(id,quantidade,quantidadedisponivel,total,valorunitario,compra_id,produto_id) VALUES (28667,13,0,1430.00,110.00,28666,14);
INSERT INTO itens_compra(id,quantidade,quantidadedisponivel,total,valorunitario,compra_id,produto_id) VALUES (28581,10,0,1100.00,110.00,28576,63);
INSERT INTO itens_compra(id,quantidade,quantidadedisponivel,total,valorunitario,compra_id,produto_id) VALUES (28600,3,0,330.00,110.00,28592,109);
INSERT INTO itens_compra(id,quantidade,quantidadedisponivel,total,valorunitario,compra_id,produto_id) VALUES (28638,5,0,550.00,110.00,28632,64);
INSERT INTO itens_compra(id,quantidade,quantidadedisponivel,total,valorunitario,compra_id,produto_id) VALUES (28585,2,0,220.00,110.00,28576,110);
INSERT INTO itens_compra(id,quantidade,quantidadedisponivel,total,valorunitario,compra_id,produto_id) VALUES (28671,14,0,1540.00,110.00,28666,65);
INSERT INTO itens_compra(id,quantidade,quantidadedisponivel,total,valorunitario,compra_id,produto_id) VALUES (28656,10,0,325.80,32.58,28650,78);
INSERT INTO itens_compra(id,quantidade,quantidadedisponivel,total,valorunitario,compra_id,produto_id) VALUES (28567,2,0,220.00,110.00,28561,64);
INSERT INTO itens_compra(id,quantidade,quantidadedisponivel,total,valorunitario,compra_id,produto_id) VALUES (28593,20,0,2200.00,110.00,28592,14);
INSERT INTO itens_compra(id,quantidade,quantidadedisponivel,total,valorunitario,compra_id,produto_id) VALUES (28670,7,0,770.00,110.00,28666,114);
INSERT INTO itens_compra(id,quantidade,quantidadedisponivel,total,valorunitario,compra_id,produto_id) VALUES (28622,20,0,2200.00,110.00,28621,14);
INSERT INTO itens_compra(id,quantidade,quantidadedisponivel,total,valorunitario,compra_id,produto_id) VALUES (28641,2,0,220.00,110.00,28632,118);
INSERT INTO itens_compra(id,quantidade,quantidadedisponivel,total,valorunitario,compra_id,produto_id) VALUES (28640,1,0,110.00,110.00,28632,110);
INSERT INTO itens_compra(id,quantidade,quantidadedisponivel,total,valorunitario,compra_id,produto_id) VALUES (28614,10,0,250.00,25.00,28613,17);
INSERT INTO itens_compra(id,quantidade,quantidadedisponivel,total,valorunitario,compra_id,produto_id) VALUES (28652,8,0,176.40,22.05,28650,16);
INSERT INTO itens_compra(id,quantidade,quantidadedisponivel,total,valorunitario,compra_id,produto_id) VALUES (28606,10,0,250.00,25.00,28605,17);
INSERT INTO itens_compra(id,quantidade,quantidadedisponivel,total,valorunitario,compra_id,produto_id) VALUES (28633,5,0,550.00,110.00,28632,13);
INSERT INTO itens_compra(id,quantidade,quantidadedisponivel,total,valorunitario,compra_id,produto_id) VALUES (28571,10,0,250.00,25.00,28570,17);
INSERT INTO itens_compra(id,quantidade,quantidadedisponivel,total,valorunitario,compra_id,produto_id) VALUES (28665,83,0,2075.00,25.00,28664,17);
INSERT INTO itens_compra(id,quantidade,quantidadedisponivel,total,valorunitario,compra_id,produto_id) VALUES (28582,3,0,330.00,110.00,28576,108);
INSERT INTO itens_compra(id,quantidade,quantidadedisponivel,total,valorunitario,compra_id,produto_id) VALUES (28580,1,0,110.00,110.00,28576,107);
INSERT INTO itens_compra(id,quantidade,quantidadedisponivel,total,valorunitario,compra_id,produto_id) VALUES (28618,30,0,540.00,18.00,28617,18);
INSERT INTO itens_compra(id,quantidade,quantidadedisponivel,total,valorunitario,compra_id,produto_id) VALUES (28646,3,0,396.00,132.00,28642,115);
INSERT INTO itens_compra(id,quantidade,quantidadedisponivel,total,valorunitario,compra_id,produto_id) VALUES (28675,50,0,1586.50,31.73,28674,81);
INSERT INTO itens_compra(id,quantidade,quantidadedisponivel,total,valorunitario,compra_id,produto_id) VALUES (28684,30,0,540.00,18.00,28683,18);
INSERT INTO itens_compra(id,quantidade,quantidadedisponivel,total,valorunitario,compra_id,produto_id) VALUES (28647,15,0,1650.00,110.00,28642,65);
INSERT INTO itens_compra(id,quantidade,quantidadedisponivel,total,valorunitario,compra_id,produto_id) VALUES (28636,5,0,550.00,110.00,28632,108);
INSERT INTO itens_compra(id,quantidade,quantidadedisponivel,total,valorunitario,compra_id,produto_id) VALUES (28602,6,0,660.00,110.00,28592,13);
INSERT INTO itens_compra(id,quantidade,quantidadedisponivel,total,valorunitario,compra_id,produto_id) VALUES (28610,10,0,250.00,25.00,28609,17);
INSERT INTO itens_compra(id,quantidade,quantidadedisponivel,total,valorunitario,compra_id,produto_id) VALUES (28680,36,6,506.16,14.06,28674,162);
INSERT INTO itens_compra(id,quantidade,quantidadedisponivel,total,valorunitario,compra_id,produto_id) VALUES (28575,1,0,10.00,10.00,28574,19);
INSERT INTO itens_compra(id,quantidade,quantidadedisponivel,total,valorunitario,compra_id,produto_id) VALUES (28557,3,0,420.00,140.00,28555,14);
INSERT INTO itens_compra(id,quantidade,quantidadedisponivel,total,valorunitario,compra_id,produto_id) VALUES (28559,1,0,140.00,140.00,28555,65);
INSERT INTO itens_compra(id,quantidade,quantidadedisponivel,total,valorunitario,compra_id,produto_id) VALUES (28562,2,0,220.00,110.00,28561,13);
INSERT INTO itens_compra(id,quantidade,quantidadedisponivel,total,valorunitario,compra_id,produto_id) VALUES (28565,3,0,330.00,110.00,28561,63);
INSERT INTO itens_compra(id,quantidade,quantidadedisponivel,total,valorunitario,compra_id,produto_id) VALUES (28679,24,0,273.60,11.40,28674,161);
INSERT INTO itens_compra(id,quantidade,quantidadedisponivel,total,valorunitario,compra_id,produto_id) VALUES (28873,2,0,200.00,100.00,28870,106);
INSERT INTO itens_compra(id,quantidade,quantidadedisponivel,total,valorunitario,compra_id,produto_id) VALUES (28830,1,0,121.20,121.20,28829,130);
INSERT INTO itens_compra(id,quantidade,quantidadedisponivel,total,valorunitario,compra_id,produto_id) VALUES (28896,2,0,200.00,100.00,28882,124);
INSERT INTO itens_compra(id,quantidade,quantidadedisponivel,total,valorunitario,compra_id,produto_id) VALUES (28723,20,0,525.00,26.25,28712,93);
INSERT INTO itens_compra(id,quantidade,quantidadedisponivel,total,valorunitario,compra_id,produto_id) VALUES (28809,1,0,101.00,101.00,28805,111);
INSERT INTO itens_compra(id,quantidade,quantidadedisponivel,total,valorunitario,compra_id,produto_id) VALUES (28722,20,0,361.20,18.06,28712,92);
INSERT INTO itens_compra(id,quantidade,quantidadedisponivel,total,valorunitario,compra_id,produto_id) VALUES (28715,30,0,845.10,28.17,28712,87);
INSERT INTO itens_compra(id,quantidade,quantidadedisponivel,total,valorunitario,compra_id,produto_id) VALUES (28939,5,0,500.00,100.00,28937,106);
INSERT INTO itens_compra(id,quantidade,quantidadedisponivel,total,valorunitario,compra_id,produto_id) VALUES (28897,3,0,300.00,100.00,28882,109);
INSERT INTO itens_compra(id,quantidade,quantidadedisponivel,total,valorunitario,compra_id,produto_id) VALUES (28889,2,0,200.00,100.00,28882,113);
INSERT INTO itens_compra(id,quantidade,quantidadedisponivel,total,valorunitario,compra_id,produto_id) VALUES (28918,40,0,720.00,18.00,28917,18);
INSERT INTO itens_compra(id,quantidade,quantidadedisponivel,total,valorunitario,compra_id,produto_id) VALUES (28719,100,0,2283.00,22.83,28712,16);
INSERT INTO itens_compra(id,quantidade,quantidadedisponivel,total,valorunitario,compra_id,produto_id) VALUES (28794,8,0,880.00,110.00,28792,14);
INSERT INTO itens_compra(id,quantidade,quantidadedisponivel,total,valorunitario,compra_id,produto_id) VALUES (28891,2,0,200.00,100.00,28882,129);
INSERT INTO itens_compra(id,quantidade,quantidadedisponivel,total,valorunitario,compra_id,produto_id) VALUES (28788,1,0,132.00,132.00,28785,128);
INSERT INTO itens_compra(id,quantidade,quantidadedisponivel,total,valorunitario,compra_id,produto_id) VALUES (28812,2,0,220.00,110.00,28805,64);
INSERT INTO itens_compra(id,quantidade,quantidadedisponivel,total,valorunitario,compra_id,produto_id) VALUES (28694,20,0,320.00,16.00,28693,18);
INSERT INTO itens_compra(id,quantidade,quantidadedisponivel,total,valorunitario,compra_id,produto_id) VALUES (28781,6,0,660.00,110.00,28777,114);
INSERT INTO itens_compra(id,quantidade,quantidadedisponivel,total,valorunitario,compra_id,produto_id) VALUES (28797,2,0,202.00,101.00,28792,111);
INSERT INTO itens_compra(id,quantidade,quantidadedisponivel,total,valorunitario,compra_id,produto_id) VALUES (28890,6,0,600.00,100.00,28882,114);
INSERT INTO itens_compra(id,quantidade,quantidadedisponivel,total,valorunitario,compra_id,produto_id) VALUES (28948,2,0,240.00,120.00,28947,115);
INSERT INTO itens_compra(id,quantidade,quantidadedisponivel,total,valorunitario,compra_id,produto_id) VALUES (28728,48,0,204.48,4.26,28727,160);
INSERT INTO itens_compra(id,quantidade,quantidadedisponivel,total,valorunitario,compra_id,produto_id) VALUES (28877,2,0,200.00,100.00,28870,120);
INSERT INTO itens_compra(id,quantidade,quantidadedisponivel,total,valorunitario,compra_id,produto_id) VALUES (28720,20,0,381.60,19.08,28712,90);
INSERT INTO itens_compra(id,quantidade,quantidadedisponivel,total,valorunitario,compra_id,produto_id) VALUES (28716,5,0,113.40,22.68,28712,88);
INSERT INTO itens_compra(id,quantidade,quantidadedisponivel,total,valorunitario,compra_id,produto_id) VALUES (28887,12,0,1200.00,100.00,28882,63);
INSERT INTO itens_compra(id,quantidade,quantidadedisponivel,total,valorunitario,compra_id,produto_id) VALUES (28838,1,0,140.00,140.00,28837,109);
INSERT INTO itens_compra(id,quantidade,quantidadedisponivel,total,valorunitario,compra_id,produto_id) VALUES (28898,2,0,200.00,100.00,28882,119);
INSERT INTO itens_compra(id,quantidade,quantidadedisponivel,total,valorunitario,compra_id,produto_id) VALUES (28849,10,0,1000.00,100.00,28847,14);
INSERT INTO itens_compra(id,quantidade,quantidadedisponivel,total,valorunitario,compra_id,produto_id) VALUES (28842,1,0,100.00,100.00,28841,124);
INSERT INTO itens_compra(id,quantidade,quantidadedisponivel,total,valorunitario,compra_id,produto_id) VALUES (28808,2,0,220.00,110.00,28805,108);
INSERT INTO itens_compra(id,quantidade,quantidadedisponivel,total,valorunitario,compra_id,produto_id) VALUES (28906,39,0,1092.00,28.00,28905,17);
INSERT INTO itens_compra(id,quantidade,quantidadedisponivel,total,valorunitario,compra_id,produto_id) VALUES (28714,5,0,132.30,26.46,28712,86);
INSERT INTO itens_compra(id,quantidade,quantidadedisponivel,total,valorunitario,compra_id,produto_id) VALUES (28875,8,0,800.00,100.00,28870,63);
INSERT INTO itens_compra(id,quantidade,quantidadedisponivel,total,valorunitario,compra_id,produto_id) VALUES (28779,6,0,606.00,101.00,28777,125);
INSERT INTO itens_compra(id,quantidade,quantidadedisponivel,total,valorunitario,compra_id,produto_id) VALUES (28806,6,0,792.00,132.00,28805,112);
INSERT INTO itens_compra(id,quantidade,quantidadedisponivel,total,valorunitario,compra_id,produto_id) VALUES (28886,4,0,400.00,100.00,28882,111);
INSERT INTO itens_compra(id,quantidade,quantidadedisponivel,total,valorunitario,compra_id,produto_id) VALUES (28902,1,0,120.00,120.00,28901,131);
INSERT INTO itens_compra(id,quantidade,quantidadedisponivel,total,valorunitario,compra_id,produto_id) VALUES (28925,50,0,900.00,18.00,28923,18);
INSERT INTO itens_compra(id,quantidade,quantidadedisponivel,total,valorunitario,compra_id,produto_id) VALUES (28748,3,0,330.00,110.00,28747,123);
INSERT INTO itens_compra(id,quantidade,quantidadedisponivel,total,valorunitario,compra_id,produto_id) VALUES (28894,2,0,200.00,100.00,28882,105);
INSERT INTO itens_compra(id,quantidade,quantidadedisponivel,total,valorunitario,compra_id,produto_id) VALUES (28816,20,0,590.00,29.50,28815,17);
INSERT INTO itens_compra(id,quantidade,quantidadedisponivel,total,valorunitario,compra_id,produto_id) VALUES (28940,1,0,100.00,100.00,28937,129);
INSERT INTO itens_compra(id,quantidade,quantidadedisponivel,total,valorunitario,compra_id,produto_id) VALUES (28799,3,0,330.00,110.00,28792,129);
INSERT INTO itens_compra(id,quantidade,quantidadedisponivel,total,valorunitario,compra_id,produto_id) VALUES (28843,5,0,500.00,100.00,28841,125);
INSERT INTO itens_compra(id,quantidade,quantidadedisponivel,total,valorunitario,compra_id,produto_id) VALUES (28885,4,0,400.00,100.00,28882,62);
INSERT INTO itens_compra(id,quantidade,quantidadedisponivel,total,valorunitario,compra_id,produto_id) VALUES (28796,2,0,220.00,110.00,28792,106);
INSERT INTO itens_compra(id,quantidade,quantidadedisponivel,total,valorunitario,compra_id,produto_id) VALUES (28884,5,0,500.00,100.00,28882,14);
INSERT INTO itens_compra(id,quantidade,quantidadedisponivel,total,valorunitario,compra_id,produto_id) VALUES (28832,5,0,550.00,110.00,28829,63);
INSERT INTO itens_compra(id,quantidade,quantidadedisponivel,total,valorunitario,compra_id,produto_id) VALUES (28872,4,0,400.00,100.00,28870,14);
INSERT INTO itens_compra(id,quantidade,quantidadedisponivel,total,valorunitario,compra_id,produto_id) VALUES (28878,2,0,200.00,100.00,28870,64);
INSERT INTO itens_compra(id,quantidade,quantidadedisponivel,total,valorunitario,compra_id,produto_id) VALUES (28850,5,0,500.00,100.00,28847,62);
INSERT INTO itens_compra(id,quantidade,quantidadedisponivel,total,valorunitario,compra_id,produto_id) VALUES (28807,2,0,220.00,110.00,28805,62);
INSERT INTO itens_compra(id,quantidade,quantidadedisponivel,total,valorunitario,compra_id,produto_id) VALUES (28826,30,0,540.00,18.00,28825,18);
INSERT INTO itens_compra(id,quantidade,quantidadedisponivel,total,valorunitario,compra_id,produto_id) VALUES (28800,6,0,660.00,110.00,28792,116);
INSERT INTO itens_compra(id,quantidade,quantidadedisponivel,total,valorunitario,compra_id,produto_id) VALUES (28718,5,0,110.25,22.05,28712,89);
INSERT INTO itens_compra(id,quantidade,quantidadedisponivel,total,valorunitario,compra_id,produto_id) VALUES (28786,3,0,360.00,120.00,28785,117);
INSERT INTO itens_compra(id,quantidade,quantidadedisponivel,total,valorunitario,compra_id,produto_id) VALUES (28848,5,0,500.00,100.00,28847,13);
INSERT INTO itens_compra(id,quantidade,quantidadedisponivel,total,valorunitario,compra_id,produto_id) VALUES (28787,3,0,360.00,120.00,28785,141);
INSERT INTO itens_compra(id,quantidade,quantidadedisponivel,total,valorunitario,compra_id,produto_id) VALUES (28871,6,0,720.00,120.00,28870,130);
INSERT INTO itens_compra(id,quantidade,quantidadedisponivel,total,valorunitario,compra_id,produto_id) VALUES (28893,2,0,200.00,100.00,28882,65);
INSERT INTO itens_compra(id,quantidade,quantidadedisponivel,total,valorunitario,compra_id,produto_id) VALUES (28810,5,0,505.00,101.00,28805,113);
INSERT INTO itens_compra(id,quantidade,quantidadedisponivel,total,valorunitario,compra_id,produto_id) VALUES (28795,4,0,440.00,110.00,28792,62);
INSERT INTO itens_compra(id,quantidade,quantidadedisponivel,total,valorunitario,compra_id,produto_id) VALUES (28892,2,0,200.00,100.00,28882,120);
INSERT INTO itens_compra(id,quantidade,quantidadedisponivel,total,valorunitario,compra_id,produto_id) VALUES (28705,19,0,475.00,25.00,28704,17);
INSERT INTO itens_compra(id,quantidade,quantidadedisponivel,total,valorunitario,compra_id,produto_id) VALUES (28721,100,0,2426.00,24.26,28712,91);
INSERT INTO itens_compra(id,quantidade,quantidadedisponivel,total,valorunitario,compra_id,produto_id) VALUES (28686,27,0,486.00,18.00,28685,18);
INSERT INTO itens_compra(id,quantidade,quantidadedisponivel,total,valorunitario,compra_id,produto_id) VALUES (28944,67,0,1206.00,18.00,28943,18);
INSERT INTO itens_compra(id,quantidade,quantidadedisponivel,total,valorunitario,compra_id,produto_id) VALUES (28924,30,0,750.00,25.00,28923,17);
INSERT INTO itens_compra(id,quantidade,quantidadedisponivel,total,valorunitario,compra_id,produto_id) VALUES (28736,4,0,200.00,50.00,28735,145);
INSERT INTO itens_compra(id,quantidade,quantidadedisponivel,total,valorunitario,compra_id,produto_id) VALUES (28793,3,0,330.00,110.00,28792,13);
INSERT INTO itens_compra(id,quantidade,quantidadedisponivel,total,valorunitario,compra_id,produto_id) VALUES (28914,4,0,400.00,100.00,28913,106);
INSERT INTO itens_compra(id,quantidade,quantidadedisponivel,total,valorunitario,compra_id,produto_id) VALUES (28831,5,0,550.00,110.00,28829,14);
INSERT INTO itens_compra(id,quantidade,quantidadedisponivel,total,valorunitario,compra_id,produto_id) VALUES (28888,2,0,200.00,100.00,28882,108);
INSERT INTO itens_compra(id,quantidade,quantidadedisponivel,total,valorunitario,compra_id,produto_id) VALUES (28749,1,0,101.00,101.00,28747,120);
INSERT INTO itens_compra(id,quantidade,quantidadedisponivel,total,valorunitario,compra_id,produto_id) VALUES (28780,3,0,303.00,101.00,28777,126);
INSERT INTO itens_compra(id,quantidade,quantidadedisponivel,total,valorunitario,compra_id,produto_id) VALUES (28798,2,0,220.00,110.00,28792,107);
INSERT INTO itens_compra(id,quantidade,quantidadedisponivel,total,valorunitario,compra_id,produto_id) VALUES (28933,10,0,1200.00,120.00,28932,130);
INSERT INTO itens_compra(id,quantidade,quantidadedisponivel,total,valorunitario,compra_id,produto_id) VALUES (28883,2,0,200.00,100.00,28882,13);
INSERT INTO itens_compra(id,quantidade,quantidadedisponivel,total,valorunitario,compra_id,produto_id) VALUES (28876,4,0,400.00,100.00,28870,114);
INSERT INTO itens_compra(id,quantidade,quantidadedisponivel,total,valorunitario,compra_id,produto_id) VALUES (28774,3,0,303.00,101.00,28773,124);
INSERT INTO itens_compra(id,quantidade,quantidadedisponivel,total,valorunitario,compra_id,produto_id) VALUES (28778,7,0,707.00,101.00,28777,124);
INSERT INTO itens_compra(id,quantidade,quantidadedisponivel,total,valorunitario,compra_id,produto_id) VALUES (28844,3,0,300.00,100.00,28841,126);
INSERT INTO itens_compra(id,quantidade,quantidadedisponivel,total,valorunitario,compra_id,produto_id) VALUES (28895,2,0,200.00,100.00,28882,117);
INSERT INTO itens_compra(id,quantidade,quantidadedisponivel,total,valorunitario,compra_id,produto_id) VALUES (28811,2,0,202.00,101.00,28805,120);
INSERT INTO itens_compra(id,quantidade,quantidadedisponivel,total,valorunitario,compra_id,produto_id) VALUES (28851,3,0,300.00,100.00,28847,65);
INSERT INTO itens_compra(id,quantidade,quantidadedisponivel,total,valorunitario,compra_id,produto_id) VALUES (28938,10,0,1000.00,100.00,28937,14);
INSERT INTO itens_compra(id,quantidade,quantidadedisponivel,total,valorunitario,compra_id,produto_id) VALUES (28874,3,0,300.00,100.00,28870,111);
INSERT INTO itens_compra(id,quantidade,quantidadedisponivel,total,valorunitario,compra_id,produto_id) VALUES (28724,20,1,581.80,29.09,28712,94);
INSERT INTO itens_compra(id,quantidade,quantidadedisponivel,total,valorunitario,compra_id,produto_id) VALUES (28860,24,11,406.32,16.93,28852,97);
INSERT INTO itens_compra(id,quantidade,quantidadedisponivel,total,valorunitario,compra_id,produto_id) VALUES (28753,20,0,2200.00,110.00,28750,14);
INSERT INTO itens_compra(id,quantidade,quantidadedisponivel,total,valorunitario,compra_id,produto_id) VALUES (28754,5,0,550.00,110.00,28750,62);
INSERT INTO itens_compra(id,quantidade,quantidadedisponivel,total,valorunitario,compra_id,produto_id) VALUES (28767,2,0,220.00,110.00,28750,110);
INSERT INTO itens_compra(id,quantidade,quantidadedisponivel,total,valorunitario,compra_id,produto_id) VALUES (28768,5,0,550.00,110.00,28750,109);
INSERT INTO itens_compra(id,quantidade,quantidadedisponivel,total,valorunitario,compra_id,produto_id) VALUES (28900,5,0,500.00,100.00,28899,126);
INSERT INTO itens_compra(id,quantidade,quantidadedisponivel,total,valorunitario,compra_id,produto_id) VALUES (28855,80,59,2243.20,28.04,28852,81);
INSERT INTO itens_compra(id,quantidade,quantidadedisponivel,total,valorunitario,compra_id,produto_id) VALUES (28711,17,0,306.00,18.00,28710,18);
INSERT INTO itens_compra(id,quantidade,quantidadedisponivel,total,valorunitario,compra_id,produto_id) VALUES (28863,10,10,437.40,43.74,28852,99);
INSERT INTO itens_compra(id,quantidade,quantidadedisponivel,total,valorunitario,compra_id,produto_id) VALUES (28864,1,1,38.25,38.25,28852,100);
INSERT INTO itens_compra(id,quantidade,quantidadedisponivel,total,valorunitario,compra_id,produto_id) VALUES (28834,3,0,300.00,100.00,28833,111);
INSERT INTO itens_compra(id,quantidade,quantidadedisponivel,total,valorunitario,compra_id,produto_id) VALUES (28759,4,0,440.00,110.00,28750,108);
INSERT INTO itens_compra(id,quantidade,quantidadedisponivel,total,valorunitario,compra_id,produto_id) VALUES (28835,4,0,400.00,100.00,28833,113);
INSERT INTO itens_compra(id,quantidade,quantidadedisponivel,total,valorunitario,compra_id,produto_id) VALUES (28803,1,0,132.00,132.00,28801,112);
INSERT INTO itens_compra(id,quantidade,quantidadedisponivel,total,valorunitario,compra_id,produto_id) VALUES (28820,5,0,550.00,110.00,28817,108);
INSERT INTO itens_compra(id,quantidade,quantidadedisponivel,total,valorunitario,compra_id,produto_id) VALUES (28930,3,0,300.00,100.00,28926,132);
INSERT INTO itens_compra(id,quantidade,quantidadedisponivel,total,valorunitario,compra_id,produto_id) VALUES (28916,5,0,250.00,50.00,28915,145);
INSERT INTO itens_compra(id,quantidade,quantidadedisponivel,total,valorunitario,compra_id,produto_id) VALUES (28783,24,0,166.32,6.93,28782,163);
INSERT INTO itens_compra(id,quantidade,quantidadedisponivel,total,valorunitario,compra_id,produto_id) VALUES (28760,1,0,101.00,101.00,28750,113);
INSERT INTO itens_compra(id,quantidade,quantidadedisponivel,total,valorunitario,compra_id,produto_id) VALUES (28758,10,0,1100.00,110.00,28750,63);
INSERT INTO itens_compra(id,quantidade,quantidadedisponivel,total,valorunitario,compra_id,produto_id) VALUES (28819,7,0,770.00,110.00,28817,63);
INSERT INTO itens_compra(id,quantidade,quantidadedisponivel,total,valorunitario,compra_id,produto_id) VALUES (28821,4,0,404.00,101.00,28817,113);
INSERT INTO itens_compra(id,quantidade,quantidadedisponivel,total,valorunitario,compra_id,produto_id) VALUES (28761,5,0,550.00,110.00,28750,114);
INSERT INTO itens_compra(id,quantidade,quantidadedisponivel,total,valorunitario,compra_id,produto_id) VALUES (28854,10,0,283.60,28.36,28852,84);
INSERT INTO itens_compra(id,quantidade,quantidadedisponivel,total,valorunitario,compra_id,produto_id) VALUES (28824,5,0,505.00,101.00,28817,111);
INSERT INTO itens_compra(id,quantidade,quantidadedisponivel,total,valorunitario,compra_id,produto_id) VALUES (28853,80,0,2531.20,31.64,28852,83);
INSERT INTO itens_compra(id,quantidade,quantidadedisponivel,total,valorunitario,compra_id,produto_id) VALUES (28861,20,0,714.60,35.73,28852,79);
INSERT INTO itens_compra(id,quantidade,quantidadedisponivel,total,valorunitario,compra_id,produto_id) VALUES (28828,5,0,250.00,50.00,28827,145);
INSERT INTO itens_compra(id,quantidade,quantidadedisponivel,total,valorunitario,compra_id,produto_id) VALUES (28927,5,0,500.00,100.00,28926,14);
INSERT INTO itens_compra(id,quantidade,quantidadedisponivel,total,valorunitario,compra_id,produto_id) VALUES (28763,2,0,220.00,110.00,28750,64);
INSERT INTO itens_compra(id,quantidade,quantidadedisponivel,total,valorunitario,compra_id,produto_id) VALUES (28922,10,0,1000.00,100.00,28919,62);
INSERT INTO itens_compra(id,quantidade,quantidadedisponivel,total,valorunitario,compra_id,produto_id) VALUES (28920,20,0,2000.00,100.00,28919,14);
INSERT INTO itens_compra(id,quantidade,quantidadedisponivel,total,valorunitario,compra_id,produto_id) VALUES (28746,1,0,120.00,120.00,28741,122);
INSERT INTO itens_compra(id,quantidade,quantidadedisponivel,total,valorunitario,compra_id,produto_id) VALUES (28822,6,0,660.00,110.00,28817,65);
INSERT INTO itens_compra(id,quantidade,quantidadedisponivel,total,valorunitario,compra_id,produto_id) VALUES (28743,1,0,142.00,142.00,28741,121);
INSERT INTO itens_compra(id,quantidade,quantidadedisponivel,total,valorunitario,compra_id,produto_id) VALUES (28692,2,0,220.00,110.00,28687,116);
INSERT INTO itens_compra(id,quantidade,quantidadedisponivel,total,valorunitario,compra_id,produto_id) VALUES (28757,2,0,220.00,110.00,28750,107);
INSERT INTO itens_compra(id,quantidade,quantidadedisponivel,total,valorunitario,compra_id,produto_id) VALUES (28755,2,0,220.00,110.00,28750,106);
INSERT INTO itens_compra(id,quantidade,quantidadedisponivel,total,valorunitario,compra_id,produto_id) VALUES (28764,10,0,1100.00,110.00,28750,65);
INSERT INTO itens_compra(id,quantidade,quantidadedisponivel,total,valorunitario,compra_id,produto_id) VALUES (28771,2,0,220.00,110.00,28750,116);
INSERT INTO itens_compra(id,quantidade,quantidadedisponivel,total,valorunitario,compra_id,produto_id) VALUES (28702,4,0,100.00,25.00,28701,17);
INSERT INTO itens_compra(id,quantidade,quantidadedisponivel,total,valorunitario,compra_id,produto_id) VALUES (28790,3,0,303.00,101.00,28789,124);
INSERT INTO itens_compra(id,quantidade,quantidadedisponivel,total,valorunitario,compra_id,produto_id) VALUES (28910,3,0,300.00,100.00,28907,107);
INSERT INTO itens_compra(id,quantidade,quantidadedisponivel,total,valorunitario,compra_id,produto_id) VALUES (28690,2,0,220.00,110.00,28687,118);
INSERT INTO itens_compra(id,quantidade,quantidadedisponivel,total,valorunitario,compra_id,produto_id) VALUES (28762,2,0,202.00,101.00,28750,120);
INSERT INTO itens_compra(id,quantidade,quantidadedisponivel,total,valorunitario,compra_id,produto_id) VALUES (28836,3,0,300.00,100.00,28833,120);
INSERT INTO itens_compra(id,quantidade,quantidadedisponivel,total,valorunitario,compra_id,produto_id) VALUES (28769,2,0,220.00,110.00,28750,118);
INSERT INTO itens_compra(id,quantidade,quantidadedisponivel,total,valorunitario,compra_id,produto_id) VALUES (28869,12,0,166.44,13.87,28867,156);
INSERT INTO itens_compra(id,quantidade,quantidadedisponivel,total,valorunitario,compra_id,produto_id) VALUES (28745,1,0,120.00,120.00,28741,119);
INSERT INTO itens_compra(id,quantidade,quantidadedisponivel,total,valorunitario,compra_id,produto_id) VALUES (28584,5,0,550.00,110.00,28576,109);
INSERT INTO itens_compra(id,quantidade,quantidadedisponivel,total,valorunitario,compra_id,produto_id) VALUES (28766,3,0,330.00,110.00,28750,117);
INSERT INTO itens_compra(id,quantidade,quantidadedisponivel,total,valorunitario,compra_id,produto_id) VALUES (28734,1,0,120.00,120.00,28730,109);
INSERT INTO itens_compra(id,quantidade,quantidadedisponivel,total,valorunitario,compra_id,produto_id) VALUES (28929,2,0,200.00,100.00,28926,105);
INSERT INTO itens_compra(id,quantidade,quantidadedisponivel,total,valorunitario,compra_id,produto_id) VALUES (28904,10,0,300.00,30.00,28903,149);
INSERT INTO itens_compra(id,quantidade,quantidadedisponivel,total,valorunitario,compra_id,produto_id) VALUES (28772,2,0,264.00,132.00,28750,115);
INSERT INTO itens_compra(id,quantidade,quantidadedisponivel,total,valorunitario,compra_id,produto_id) VALUES (28858,10,0,283.60,28.36,28852,96);
INSERT INTO itens_compra(id,quantidade,quantidadedisponivel,total,valorunitario,compra_id,produto_id) VALUES (28859,20,0,609.00,30.45,28852,85);
INSERT INTO itens_compra(id,quantidade,quantidadedisponivel,total,valorunitario,compra_id,produto_id) VALUES (28696,10,0,1160.00,116.00,28695,111);
INSERT INTO itens_compra(id,quantidade,quantidadedisponivel,total,valorunitario,compra_id,produto_id) VALUES (28688,5,0,550.00,110.00,28687,105);
INSERT INTO itens_compra(id,quantidade,quantidadedisponivel,total,valorunitario,compra_id,produto_id) VALUES (28912,10,0,1000.00,100.00,28907,108);
INSERT INTO itens_compra(id,quantidade,quantidadedisponivel,total,valorunitario,compra_id,produto_id) VALUES (28862,20,0,653.40,32.67,28852,98);
INSERT INTO itens_compra(id,quantidade,quantidadedisponivel,total,valorunitario,compra_id,produto_id) VALUES (28881,3,0,141.00,47.00,28879,145);
INSERT INTO itens_compra(id,quantidade,quantidadedisponivel,total,valorunitario,compra_id,produto_id) VALUES (28756,5,0,505.00,101.00,28750,111);
INSERT INTO itens_compra(id,quantidade,quantidadedisponivel,total,valorunitario,compra_id,produto_id) VALUES (28804,2,0,220.00,110.00,28801,119);
INSERT INTO itens_compra(id,quantidade,quantidadedisponivel,total,valorunitario,compra_id,produto_id) VALUES (28856,10,0,226.00,22.60,28852,82);
INSERT INTO itens_compra(id,quantidade,quantidadedisponivel,total,valorunitario,compra_id,produto_id) VALUES (28908,7,0,700.00,100.00,28907,14);
INSERT INTO itens_compra(id,quantidade,quantidadedisponivel,total,valorunitario,compra_id,produto_id) VALUES (28691,2,0,220.00,110.00,28687,119);
INSERT INTO itens_compra(id,quantidade,quantidadedisponivel,total,valorunitario,compra_id,produto_id) VALUES (28818,3,0,303.00,101.00,28817,111);
INSERT INTO itens_compra(id,quantidade,quantidadedisponivel,total,valorunitario,compra_id,produto_id) VALUES (28744,2,0,240.00,120.00,28741,109);
INSERT INTO itens_compra(id,quantidade,quantidadedisponivel,total,valorunitario,compra_id,produto_id) VALUES (28823,5,0,550.00,110.00,28817,109);
INSERT INTO itens_compra(id,quantidade,quantidadedisponivel,total,valorunitario,compra_id,produto_id) VALUES (28689,5,0,550.00,110.00,28687,117);
INSERT INTO itens_compra(id,quantidade,quantidadedisponivel,total,valorunitario,compra_id,produto_id) VALUES (28733,4,0,480.00,120.00,28730,65);
INSERT INTO itens_compra(id,quantidade,quantidadedisponivel,total,valorunitario,compra_id,produto_id) VALUES (28765,9,0,990.00,110.00,28750,105);
INSERT INTO itens_compra(id,quantidade,quantidadedisponivel,total,valorunitario,compra_id,produto_id) VALUES (28770,2,0,220.00,110.00,28750,119);
INSERT INTO itens_compra(id,quantidade,quantidadedisponivel,total,valorunitario,compra_id,produto_id) VALUES (28928,1,0,100.00,100.00,28926,64);
INSERT INTO itens_compra(id,quantidade,quantidadedisponivel,total,valorunitario,compra_id,produto_id) VALUES (28911,8,0,800.00,100.00,28907,63);
INSERT INTO itens_compra(id,quantidade,quantidadedisponivel,total,valorunitario,compra_id,produto_id) VALUES (28868,120,0,511.20,4.26,28867,160);
INSERT INTO itens_compra(id,quantidade,quantidadedisponivel,total,valorunitario,compra_id,produto_id) VALUES (28697,4,0,464.00,116.00,28695,120);
INSERT INTO itens_compra(id,quantidade,quantidadedisponivel,total,valorunitario,compra_id,produto_id) VALUES (28752,4,0,440.00,110.00,28750,13);
INSERT INTO itens_compra(id,quantidade,quantidadedisponivel,total,valorunitario,compra_id,produto_id) VALUES (28732,1,0,120.00,120.00,28730,63);
INSERT INTO itens_compra(id,quantidade,quantidadedisponivel,total,valorunitario,compra_id,produto_id) VALUES (28731,2,0,240.00,120.00,28730,14);
INSERT INTO itens_compra(id,quantidade,quantidadedisponivel,total,valorunitario,compra_id,produto_id) VALUES (28921,7,0,700.00,100.00,28919,63);
INSERT INTO itens_compra(id,quantidade,quantidadedisponivel,total,valorunitario,compra_id,produto_id) VALUES (28909,5,0,500.00,100.00,28907,62);
INSERT INTO itens_compra(id,quantidade,quantidadedisponivel,total,valorunitario,compra_id,produto_id) VALUES (28791,4,0,404.00,101.00,28789,125);
INSERT INTO itens_compra(id,quantidade,quantidadedisponivel,total,valorunitario,compra_id,produto_id) VALUES (28846,30,0,540.00,18.00,28845,18);
INSERT INTO itens_compra(id,quantidade,quantidadedisponivel,total,valorunitario,compra_id,produto_id) VALUES (28751,2,0,264.00,132.00,28750,112);
INSERT INTO itens_compra(id,quantidade,quantidadedisponivel,total,valorunitario,compra_id,produto_id) VALUES (28726,2,0,202.00,101.00,28725,120);
INSERT INTO itens_compra(id,quantidade,quantidadedisponivel,total,valorunitario,compra_id,produto_id) VALUES (28742,2,0,240.00,120.00,28741,63);
INSERT INTO itens_compra(id,quantidade,quantidadedisponivel,total,valorunitario,compra_id,produto_id) VALUES (28703,10,0,450.00,45.00,28701,145);
INSERT INTO itens_compra(id,quantidade,quantidadedisponivel,total,valorunitario,compra_id,produto_id) VALUES (28880,24,0,624.00,26.00,28879,17);
INSERT INTO itens_compra(id,quantidade,quantidadedisponivel,total,valorunitario,compra_id,produto_id) VALUES (29134,5,0,500.00,100.00,29130,63);
INSERT INTO itens_compra(id,quantidade,quantidadedisponivel,total,valorunitario,compra_id,produto_id) VALUES (29048,32,0,960.00,30.00,29047,17);
INSERT INTO itens_compra(id,quantidade,quantidadedisponivel,total,valorunitario,compra_id,produto_id) VALUES (29122,3,0,360.00,120.00,29111,115);
INSERT INTO itens_compra(id,quantidade,quantidadedisponivel,total,valorunitario,compra_id,produto_id) VALUES (29124,4,0,400.00,100.00,29111,124);
INSERT INTO itens_compra(id,quantidade,quantidadedisponivel,total,valorunitario,compra_id,produto_id) VALUES (29126,1,0,100.00,100.00,29111,122);
INSERT INTO itens_compra(id,quantidade,quantidadedisponivel,total,valorunitario,compra_id,produto_id) VALUES (29132,5,0,500.00,100.00,29130,62);
INSERT INTO itens_compra(id,quantidade,quantidadedisponivel,total,valorunitario,compra_id,produto_id) VALUES (29138,5,0,500.00,100.00,29130,117);
INSERT INTO itens_compra(id,quantidade,quantidadedisponivel,total,valorunitario,compra_id,produto_id) VALUES (29164,10,0,800.00,80.00,29162,151);
INSERT INTO itens_compra(id,quantidade,quantidadedisponivel,total,valorunitario,compra_id,produto_id) VALUES (29163,10,0,1080.00,108.00,29162,146);
INSERT INTO itens_compra(id,quantidade,quantidadedisponivel,total,valorunitario,compra_id,produto_id) VALUES (29112,2,0,240.00,120.00,29111,112);
INSERT INTO itens_compra(id,quantidade,quantidadedisponivel,total,valorunitario,compra_id,produto_id) VALUES (29094,7,7,280.00,40.00,29092,157);
INSERT INTO itens_compra(id,quantidade,quantidadedisponivel,total,valorunitario,compra_id,produto_id) VALUES (29137,10,0,1000.00,100.00,29130,65);
INSERT INTO itens_compra(id,quantidade,quantidadedisponivel,total,valorunitario,compra_id,produto_id) VALUES (28968,2,0,200.00,100.00,28956,107);
INSERT INTO itens_compra(id,quantidade,quantidadedisponivel,total,valorunitario,compra_id,produto_id) VALUES (29018,5,0,500.00,100.00,29013,107);
INSERT INTO itens_compra(id,quantidade,quantidadedisponivel,total,valorunitario,compra_id,produto_id) VALUES (29136,3,3,300.00,100.00,29130,64);
INSERT INTO itens_compra(id,quantidade,quantidadedisponivel,total,valorunitario,compra_id,produto_id) VALUES (29113,4,0,480.00,120.00,29111,128);
INSERT INTO itens_compra(id,quantidade,quantidadedisponivel,total,valorunitario,compra_id,produto_id) VALUES (29140,8,0,800.00,100.00,29130,109);
INSERT INTO itens_compra(id,quantidade,quantidadedisponivel,total,valorunitario,compra_id,produto_id) VALUES (29169,2,0,200.00,100.00,29168,13);
INSERT INTO itens_compra(id,quantidade,quantidadedisponivel,total,valorunitario,compra_id,produto_id) VALUES (28972,2,0,200.00,100.00,28956,120);
INSERT INTO itens_compra(id,quantidade,quantidadedisponivel,total,valorunitario,compra_id,produto_id) VALUES (28931,1,0,100.00,100.00,28926,133);
INSERT INTO itens_compra(id,quantidade,quantidadedisponivel,total,valorunitario,compra_id,produto_id) VALUES (28953,3,0,300.00,100.00,28949,114);
INSERT INTO itens_compra(id,quantidade,quantidadedisponivel,total,valorunitario,compra_id,produto_id) VALUES (28967,2,0,200.00,100.00,28956,111);
INSERT INTO itens_compra(id,quantidade,quantidadedisponivel,total,valorunitario,compra_id,produto_id) VALUES (29143,7,4,700.00,100.00,29130,116);
INSERT INTO itens_compra(id,quantidade,quantidadedisponivel,total,valorunitario,compra_id,produto_id) VALUES (28951,2,0,200.00,100.00,28949,107);
INSERT INTO itens_compra(id,quantidade,quantidadedisponivel,total,valorunitario,compra_id,produto_id) VALUES (29005,24,0,166.32,6.93,29004,163);
INSERT INTO itens_compra(id,quantidade,quantidadedisponivel,total,valorunitario,compra_id,produto_id) VALUES (29019,5,0,500.00,100.00,29013,134);
INSERT INTO itens_compra(id,quantidade,quantidadedisponivel,total,valorunitario,compra_id,produto_id) VALUES (29116,4,0,400.00,100.00,29111,62);
INSERT INTO itens_compra(id,quantidade,quantidadedisponivel,total,valorunitario,compra_id,produto_id) VALUES (28952,10,0,1000.00,100.00,28949,63);
INSERT INTO itens_compra(id,quantidade,quantidadedisponivel,total,valorunitario,compra_id,produto_id) VALUES (29142,3,2,300.00,100.00,29130,133);
INSERT INTO itens_compra(id,quantidade,quantidadedisponivel,total,valorunitario,compra_id,produto_id) VALUES (29079,5,0,500.00,100.00,29077,114);
INSERT INTO itens_compra(id,quantidade,quantidadedisponivel,total,valorunitario,compra_id,produto_id) VALUES (29117,1,0,100.00,100.00,29111,107);
INSERT INTO itens_compra(id,quantidade,quantidadedisponivel,total,valorunitario,compra_id,produto_id) VALUES (29114,8,0,800.00,100.00,29111,13);
INSERT INTO itens_compra(id,quantidade,quantidadedisponivel,total,valorunitario,compra_id,produto_id) VALUES (29015,5,0,500.00,100.00,29013,13);
INSERT INTO itens_compra(id,quantidade,quantidadedisponivel,total,valorunitario,compra_id,produto_id) VALUES (28971,3,0,300.00,100.00,28956,129);
INSERT INTO itens_compra(id,quantidade,quantidadedisponivel,total,valorunitario,compra_id,produto_id) VALUES (28970,2,0,200.00,100.00,28956,134);
INSERT INTO itens_compra(id,quantidade,quantidadedisponivel,total,valorunitario,compra_id,produto_id) VALUES (29044,30,0,540.00,18.00,29043,18);
INSERT INTO itens_compra(id,quantidade,quantidadedisponivel,total,valorunitario,compra_id,produto_id) VALUES (29120,2,0,200.00,100.00,29111,113);
INSERT INTO itens_compra(id,quantidade,quantidadedisponivel,total,valorunitario,compra_id,produto_id) VALUES (29017,8,0,800.00,100.00,29013,111);
INSERT INTO itens_compra(id,quantidade,quantidadedisponivel,total,valorunitario,compra_id,produto_id) VALUES (28963,2,0,200.00,100.00,28956,122);
INSERT INTO itens_compra(id,quantidade,quantidadedisponivel,total,valorunitario,compra_id,produto_id) VALUES (28976,50,0,850.00,17.00,28975,18);
INSERT INTO itens_compra(id,quantidade,quantidadedisponivel,total,valorunitario,compra_id,produto_id) VALUES (29063,2,0,240.00,120.00,29060,112);
INSERT INTO itens_compra(id,quantidade,quantidadedisponivel,total,valorunitario,compra_id,produto_id) VALUES (28950,10,0,1000.00,100.00,28949,14);
INSERT INTO itens_compra(id,quantidade,quantidadedisponivel,total,valorunitario,compra_id,produto_id) VALUES (28957,1,0,120.00,120.00,28956,115);
INSERT INTO itens_compra(id,quantidade,quantidadedisponivel,total,valorunitario,compra_id,produto_id) VALUES (29023,5,0,500.00,100.00,29013,105);
INSERT INTO itens_compra(id,quantidade,quantidadedisponivel,total,valorunitario,compra_id,produto_id) VALUES (28960,2,0,200.00,100.00,28956,105);
INSERT INTO itens_compra(id,quantidade,quantidadedisponivel,total,valorunitario,compra_id,produto_id) VALUES (28942,16,0,400.00,25.00,28941,17);
INSERT INTO itens_compra(id,quantidade,quantidadedisponivel,total,valorunitario,compra_id,produto_id) VALUES (28961,2,0,200.00,100.00,28956,117);
INSERT INTO itens_compra(id,quantidade,quantidadedisponivel,total,valorunitario,compra_id,produto_id) VALUES (29027,4,0,480.00,120.00,29013,136);
INSERT INTO itens_compra(id,quantidade,quantidadedisponivel,total,valorunitario,compra_id,produto_id) VALUES (29026,2,0,200.00,100.00,29013,127);
INSERT INTO itens_compra(id,quantidade,quantidadedisponivel,total,valorunitario,compra_id,produto_id) VALUES (28946,24,0,600.00,25.00,28945,17);
INSERT INTO itens_compra(id,quantidade,quantidadedisponivel,total,valorunitario,compra_id,produto_id) VALUES (29007,20,0,474.20,23.71,29004,80);
INSERT INTO itens_compra(id,quantidade,quantidadedisponivel,total,valorunitario,compra_id,produto_id) VALUES (29061,15,0,1500.00,100.00,29060,14);
INSERT INTO itens_compra(id,quantidade,quantidadedisponivel,total,valorunitario,compra_id,produto_id) VALUES (29080,3,0,300.00,100.00,29077,129);
INSERT INTO itens_compra(id,quantidade,quantidadedisponivel,total,valorunitario,compra_id,produto_id) VALUES (29133,8,0,800.00,100.00,29130,111);
INSERT INTO itens_compra(id,quantidade,quantidadedisponivel,total,valorunitario,compra_id,produto_id) VALUES (29014,5,0,600.00,120.00,29013,112);
INSERT INTO itens_compra(id,quantidade,quantidadedisponivel,total,valorunitario,compra_id,produto_id) VALUES (29024,3,0,300.00,100.00,29013,117);
INSERT INTO itens_compra(id,quantidade,quantidadedisponivel,total,valorunitario,compra_id,produto_id) VALUES (28699,48,0,309.12,6.44,28698,160);
INSERT INTO itens_compra(id,quantidade,quantidadedisponivel,total,valorunitario,compra_id,produto_id) VALUES (29025,3,0,300.00,100.00,29013,110);
INSERT INTO itens_compra(id,quantidade,quantidadedisponivel,total,valorunitario,compra_id,produto_id) VALUES (28969,5,0,500.00,100.00,28956,108);
INSERT INTO itens_compra(id,quantidade,quantidadedisponivel,total,valorunitario,compra_id,produto_id) VALUES (29147,22,0,638.00,29.00,29146,17);
INSERT INTO itens_compra(id,quantidade,quantidadedisponivel,total,valorunitario,compra_id,produto_id) VALUES (28935,120,0,511.20,4.26,28934,160);
INSERT INTO itens_compra(id,quantidade,quantidadedisponivel,total,valorunitario,compra_id,produto_id) VALUES (29052,5,0,600.00,120.00,29051,112);
INSERT INTO itens_compra(id,quantidade,quantidadedisponivel,total,valorunitario,compra_id,produto_id) VALUES (29078,5,0,500.00,100.00,29077,63);
INSERT INTO itens_compra(id,quantidade,quantidadedisponivel,total,valorunitario,compra_id,produto_id) VALUES (29139,5,0,500.00,100.00,29130,132);
INSERT INTO itens_compra(id,quantidade,quantidadedisponivel,total,valorunitario,compra_id,produto_id) VALUES (28958,3,0,300.00,100.00,28956,64);
INSERT INTO itens_compra(id,quantidade,quantidadedisponivel,total,valorunitario,compra_id,produto_id) VALUES (28962,1,0,100.00,100.00,28956,110);
INSERT INTO itens_compra(id,quantidade,quantidadedisponivel,total,valorunitario,compra_id,produto_id) VALUES (29089,18,0,450.00,25.00,29088,17);
INSERT INTO itens_compra(id,quantidade,quantidadedisponivel,total,valorunitario,compra_id,produto_id) VALUES (29081,3,0,360.00,120.00,29077,115);
INSERT INTO itens_compra(id,quantidade,quantidadedisponivel,total,valorunitario,compra_id,produto_id) VALUES (28936,12,0,166.44,13.87,28934,156);
INSERT INTO itens_compra(id,quantidade,quantidadedisponivel,total,valorunitario,compra_id,produto_id) VALUES (29020,10,0,1000.00,100.00,29013,114);
INSERT INTO itens_compra(id,quantidade,quantidadedisponivel,total,valorunitario,compra_id,produto_id) VALUES (28966,3,0,300.00,100.00,28956,106);
INSERT INTO itens_compra(id,quantidade,quantidadedisponivel,total,valorunitario,compra_id,produto_id) VALUES (29127,1,0,100.00,100.00,29111,127);
INSERT INTO itens_compra(id,quantidade,quantidadedisponivel,total,valorunitario,compra_id,produto_id) VALUES (29123,4,0,400.00,100.00,29111,105);
INSERT INTO itens_compra(id,quantidade,quantidadedisponivel,total,valorunitario,compra_id,produto_id) VALUES (29082,3,0,300.00,100.00,29077,122);
INSERT INTO itens_compra(id,quantidade,quantidadedisponivel,total,valorunitario,compra_id,produto_id) VALUES (29118,5,0,500.00,100.00,29111,63);
INSERT INTO itens_compra(id,quantidade,quantidadedisponivel,total,valorunitario,compra_id,produto_id) VALUES (29121,2,0,200.00,100.00,29111,120);
INSERT INTO itens_compra(id,quantidade,quantidadedisponivel,total,valorunitario,compra_id,produto_id) VALUES (29115,10,0,1000.00,100.00,29111,14);
INSERT INTO itens_compra(id,quantidade,quantidadedisponivel,total,valorunitario,compra_id,produto_id) VALUES (29083,3,0,300.00,100.00,29077,117);
INSERT INTO itens_compra(id,quantidade,quantidadedisponivel,total,valorunitario,compra_id,produto_id) VALUES (29135,3,0,300.00,100.00,29130,114);
INSERT INTO itens_compra(id,quantidade,quantidadedisponivel,total,valorunitario,compra_id,produto_id) VALUES (29022,5,3,500.00,100.00,29013,64);
INSERT INTO itens_compra(id,quantidade,quantidadedisponivel,total,valorunitario,compra_id,produto_id) VALUES (29119,4,0,400.00,100.00,29111,108);
INSERT INTO itens_compra(id,quantidade,quantidadedisponivel,total,valorunitario,compra_id,produto_id) VALUES (29141,5,0,500.00,100.00,29130,118);
INSERT INTO itens_compra(id,quantidade,quantidadedisponivel,total,valorunitario,compra_id,produto_id) VALUES (28964,3,0,300.00,100.00,28956,13);
INSERT INTO itens_compra(id,quantidade,quantidadedisponivel,total,valorunitario,compra_id,produto_id) VALUES (28620,50,0,1250.00,25.00,28619,17);
INSERT INTO itens_compra(id,quantidade,quantidadedisponivel,total,valorunitario,compra_id,produto_id) VALUES (28993,35,0,595.00,17.00,28992,18);
INSERT INTO itens_compra(id,quantidade,quantidadedisponivel,total,valorunitario,compra_id,produto_id) VALUES (28700,18,0,406.62,22.59,28698,80);
INSERT INTO itens_compra(id,quantidade,quantidadedisponivel,total,valorunitario,compra_id,produto_id) VALUES (29008,3,0,300.00,100.00,29004,127);
INSERT INTO itens_compra(id,quantidade,quantidadedisponivel,total,valorunitario,compra_id,produto_id) VALUES (29166,120,0,511.20,4.26,29165,160);
INSERT INTO itens_compra(id,quantidade,quantidadedisponivel,total,valorunitario,compra_id,produto_id) VALUES (29012,5,0,500.00,100.00,29009,113);
INSERT INTO itens_compra(id,quantidade,quantidadedisponivel,total,valorunitario,compra_id,produto_id) VALUES (29042,5,2,500.00,100.00,29033,135);
INSERT INTO itens_compra(id,quantidade,quantidadedisponivel,total,valorunitario,compra_id,produto_id) VALUES (29108,8,0,800.00,100.00,29099,65);
INSERT INTO itens_compra(id,quantidade,quantidadedisponivel,total,valorunitario,compra_id,produto_id) VALUES (29154,3,0,300.00,100.00,29148,108);
INSERT INTO itens_compra(id,quantidade,quantidadedisponivel,total,valorunitario,compra_id,produto_id) VALUES (29149,3,0,300.00,100.00,29148,13);
INSERT INTO itens_compra(id,quantidade,quantidadedisponivel,total,valorunitario,compra_id,produto_id) VALUES (29152,3,0,300.00,100.00,29148,107);
INSERT INTO itens_compra(id,quantidade,quantidadedisponivel,total,valorunitario,compra_id,produto_id) VALUES (29195,5,0,500.00,100.00,29189,138);
INSERT INTO itens_compra(id,quantidade,quantidadedisponivel,total,valorunitario,compra_id,produto_id) VALUES (29039,5,0,500.00,100.00,29033,119);
INSERT INTO itens_compra(id,quantidade,quantidadedisponivel,total,valorunitario,compra_id,produto_id) VALUES (29155,2,0,200.00,100.00,29148,134);
INSERT INTO itens_compra(id,quantidade,quantidadedisponivel,total,valorunitario,compra_id,produto_id) VALUES (29161,2,0,200.00,100.00,29148,137);
INSERT INTO itens_compra(id,quantidade,quantidadedisponivel,total,valorunitario,compra_id,produto_id) VALUES (29056,50,0,1786.50,35.73,29053,79);
INSERT INTO itens_compra(id,quantidade,quantidadedisponivel,total,valorunitario,compra_id,produto_id) VALUES (29190,5,5,500.00,100.00,29189,135);
INSERT INTO itens_compra(id,quantidade,quantidadedisponivel,total,valorunitario,compra_id,produto_id) VALUES (29192,5,5,500.00,100.00,29189,110);
INSERT INTO itens_compra(id,quantidade,quantidadedisponivel,total,valorunitario,compra_id,produto_id) VALUES (29182,30,0,840.00,28.00,29181,17);
INSERT INTO itens_compra(id,quantidade,quantidadedisponivel,total,valorunitario,compra_id,produto_id) VALUES (29040,3,0,300.00,100.00,29033,118);
INSERT INTO itens_compra(id,quantidade,quantidadedisponivel,total,valorunitario,compra_id,produto_id) VALUES (29029,10,0,1000.00,100.00,29028,14);
INSERT INTO itens_compra(id,quantidade,quantidadedisponivel,total,valorunitario,compra_id,produto_id) VALUES (29075,5,0,500.00,100.00,29069,138);
INSERT INTO itens_compra(id,quantidade,quantidadedisponivel,total,valorunitario,compra_id,produto_id) VALUES (29030,10,0,1000.00,100.00,29028,63);
INSERT INTO itens_compra(id,quantidade,quantidadedisponivel,total,valorunitario,compra_id,produto_id) VALUES (28991,5,0,500.00,100.00,28977,129);
INSERT INTO itens_compra(id,quantidade,quantidadedisponivel,total,valorunitario,compra_id,produto_id) VALUES (29198,52,0,936.00,18.00,29197,18);
INSERT INTO itens_compra(id,quantidade,quantidadedisponivel,total,valorunitario,compra_id,produto_id) VALUES (29036,5,0,500.00,100.00,29033,132);
INSERT INTO itens_compra(id,quantidade,quantidadedisponivel,total,valorunitario,compra_id,produto_id) VALUES (28987,7,0,840.00,120.00,28977,130);
INSERT INTO itens_compra(id,quantidade,quantidadedisponivel,total,valorunitario,compra_id,produto_id) VALUES (29073,3,0,300.00,100.00,29069,110);
INSERT INTO itens_compra(id,quantidade,quantidadedisponivel,total,valorunitario,compra_id,produto_id) VALUES (29159,3,0,300.00,100.00,29148,105);
INSERT INTO itens_compra(id,quantidade,quantidadedisponivel,total,valorunitario,compra_id,produto_id) VALUES (28989,5,0,500.00,100.00,28977,135);
INSERT INTO itens_compra(id,quantidade,quantidadedisponivel,total,valorunitario,compra_id,produto_id) VALUES (28995,3,0,360.00,120.00,28994,112);
INSERT INTO itens_compra(id,quantidade,quantidadedisponivel,total,valorunitario,compra_id,produto_id) VALUES (28984,10,0,1000.00,100.00,28977,125);
INSERT INTO itens_compra(id,quantidade,quantidadedisponivel,total,valorunitario,compra_id,produto_id) VALUES (29010,10,0,1000.00,100.00,29009,114);
INSERT INTO itens_compra(id,quantidade,quantidadedisponivel,total,valorunitario,compra_id,produto_id) VALUES (29191,8,0,800.00,100.00,29189,132);
INSERT INTO itens_compra(id,quantidade,quantidadedisponivel,total,valorunitario,compra_id,produto_id) VALUES (28988,10,0,1000.00,100.00,28977,62);
INSERT INTO itens_compra(id,quantidade,quantidadedisponivel,total,valorunitario,compra_id,produto_id) VALUES (29103,3,0,300.00,100.00,29099,107);
INSERT INTO itens_compra(id,quantidade,quantidadedisponivel,total,valorunitario,compra_id,produto_id) VALUES (29003,2,0,200.00,100.00,28994,122);
INSERT INTO itens_compra(id,quantidade,quantidadedisponivel,total,valorunitario,compra_id,produto_id) VALUES (29041,5,0,500.00,100.00,29033,137);
INSERT INTO itens_compra(id,quantidade,quantidadedisponivel,total,valorunitario,compra_id,produto_id) VALUES (29145,4,0,100.00,25.00,29144,149);
INSERT INTO itens_compra(id,quantidade,quantidadedisponivel,total,valorunitario,compra_id,produto_id) VALUES (28982,1,0,100.00,100.00,28977,110);
INSERT INTO itens_compra(id,quantidade,quantidadedisponivel,total,valorunitario,compra_id,produto_id) VALUES (29102,15,0,1500.00,100.00,29099,14);
INSERT INTO itens_compra(id,quantidade,quantidadedisponivel,total,valorunitario,compra_id,produto_id) VALUES (29158,5,0,500.00,100.00,29148,65);
INSERT INTO itens_compra(id,quantidade,quantidadedisponivel,total,valorunitario,compra_id,produto_id) VALUES (29129,77,0,2233.00,29.00,29128,17);
INSERT INTO itens_compra(id,quantidade,quantidadedisponivel,total,valorunitario,compra_id,produto_id) VALUES (28999,2,0,200.00,100.00,28994,114);
INSERT INTO itens_compra(id,quantidade,quantidadedisponivel,total,valorunitario,compra_id,produto_id) VALUES (28983,2,0,200.00,100.00,28977,118);
INSERT INTO itens_compra(id,quantidade,quantidadedisponivel,total,valorunitario,compra_id,produto_id) VALUES (29000,10,0,1000.00,100.00,28994,65);
INSERT INTO itens_compra(id,quantidade,quantidadedisponivel,total,valorunitario,compra_id,produto_id) VALUES (28990,10,0,1000.00,100.00,28977,114);
INSERT INTO itens_compra(id,quantidade,quantidadedisponivel,total,valorunitario,compra_id,produto_id) VALUES (28979,3,0,300.00,100.00,28977,105);
INSERT INTO itens_compra(id,quantidade,quantidadedisponivel,total,valorunitario,compra_id,produto_id) VALUES (29071,2,0,240.00,120.00,29069,128);
INSERT INTO itens_compra(id,quantidade,quantidadedisponivel,total,valorunitario,compra_id,produto_id) VALUES (29160,5,0,500.00,100.00,29148,109);
INSERT INTO itens_compra(id,quantidade,quantidadedisponivel,total,valorunitario,compra_id,produto_id) VALUES (29087,3,0,300.00,100.00,29084,127);
INSERT INTO itens_compra(id,quantidade,quantidadedisponivel,total,valorunitario,compra_id,produto_id) VALUES (29110,3,0,300.00,100.00,29099,125);
INSERT INTO itens_compra(id,quantidade,quantidadedisponivel,total,valorunitario,compra_id,produto_id) VALUES (29196,3,0,300.00,100.00,29189,126);
INSERT INTO itens_compra(id,quantidade,quantidadedisponivel,total,valorunitario,compra_id,produto_id) VALUES (29100,1,0,120.00,120.00,29099,136);
INSERT INTO itens_compra(id,quantidade,quantidadedisponivel,total,valorunitario,compra_id,produto_id) VALUES (28998,5,0,500.00,100.00,28994,63);
INSERT INTO itens_compra(id,quantidade,quantidadedisponivel,total,valorunitario,compra_id,produto_id) VALUES (28997,20,0,2000.00,100.00,28994,14);
INSERT INTO itens_compra(id,quantidade,quantidadedisponivel,total,valorunitario,compra_id,produto_id) VALUES (29011,5,0,500.00,100.00,29009,126);
INSERT INTO itens_compra(id,quantidade,quantidadedisponivel,total,valorunitario,compra_id,produto_id) VALUES (29076,5,0,500.00,100.00,29069,65);
INSERT INTO itens_compra(id,quantidade,quantidadedisponivel,total,valorunitario,compra_id,produto_id) VALUES (28996,7,0,840.00,120.00,28994,130);
INSERT INTO itens_compra(id,quantidade,quantidadedisponivel,total,valorunitario,compra_id,produto_id) VALUES (28955,97,0,2619.00,27.00,28954,17);
INSERT INTO itens_compra(id,quantidade,quantidadedisponivel,total,valorunitario,compra_id,produto_id) VALUES (29001,3,0,300.00,100.00,28994,105);
INSERT INTO itens_compra(id,quantidade,quantidadedisponivel,total,valorunitario,compra_id,produto_id) VALUES (29153,10,0,1000.00,100.00,29148,63);
INSERT INTO itens_compra(id,quantidade,quantidadedisponivel,total,valorunitario,compra_id,produto_id) VALUES (28986,5,0,600.00,120.00,28977,112);
INSERT INTO itens_compra(id,quantidade,quantidadedisponivel,total,valorunitario,compra_id,produto_id) VALUES (29072,5,0,500.00,100.00,29069,105);
INSERT INTO itens_compra(id,quantidade,quantidadedisponivel,total,valorunitario,compra_id,produto_id) VALUES (29167,12,0,166.44,13.87,29165,156);
INSERT INTO itens_compra(id,quantidade,quantidadedisponivel,total,valorunitario,compra_id,produto_id) VALUES (29038,3,0,300.00,100.00,29033,110);
INSERT INTO itens_compra(id,quantidade,quantidadedisponivel,total,valorunitario,compra_id,produto_id) VALUES (29193,5,0,500.00,100.00,29189,118);
INSERT INTO itens_compra(id,quantidade,quantidadedisponivel,total,valorunitario,compra_id,produto_id) VALUES (29104,8,0,800.00,100.00,29099,63);
INSERT INTO itens_compra(id,quantidade,quantidadedisponivel,total,valorunitario,compra_id,produto_id) VALUES (29150,10,0,1000.00,100.00,29148,14);
INSERT INTO itens_compra(id,quantidade,quantidadedisponivel,total,valorunitario,compra_id,produto_id) VALUES (29059,5,0,140.85,28.17,29053,77);
INSERT INTO itens_compra(id,quantidade,quantidadedisponivel,total,valorunitario,compra_id,produto_id) VALUES (29105,3,0,300.00,100.00,29099,108);
INSERT INTO itens_compra(id,quantidade,quantidadedisponivel,total,valorunitario,compra_id,produto_id) VALUES (29037,2,0,200.00,100.00,29033,109);
INSERT INTO itens_compra(id,quantidade,quantidadedisponivel,total,valorunitario,compra_id,produto_id) VALUES (29035,10,0,1000.00,100.00,29033,117);
INSERT INTO itens_compra(id,quantidade,quantidadedisponivel,total,valorunitario,compra_id,produto_id) VALUES (28980,5,0,500.00,100.00,28977,117);
INSERT INTO itens_compra(id,quantidade,quantidadedisponivel,total,valorunitario,compra_id,produto_id) VALUES (29091,9,1,360.00,40.00,29090,158);
INSERT INTO itens_compra(id,quantidade,quantidadedisponivel,total,valorunitario,compra_id,produto_id) VALUES (29058,50,0,1633.50,32.67,29053,98);
INSERT INTO itens_compra(id,quantidade,quantidadedisponivel,total,valorunitario,compra_id,produto_id) VALUES (29057,5,0,159.30,31.86,29053,76);
INSERT INTO itens_compra(id,quantidade,quantidadedisponivel,total,valorunitario,compra_id,produto_id) VALUES (29156,3,0,300.00,100.00,29148,114);
INSERT INTO itens_compra(id,quantidade,quantidadedisponivel,total,valorunitario,compra_id,produto_id) VALUES (29151,6,0,600.00,100.00,29148,106);
INSERT INTO itens_compra(id,quantidade,quantidadedisponivel,total,valorunitario,compra_id,produto_id) VALUES (29046,100,0,1700.00,17.00,29045,18);
INSERT INTO itens_compra(id,quantidade,quantidadedisponivel,total,valorunitario,compra_id,produto_id) VALUES (29070,3,0,360.00,120.00,29069,112);
INSERT INTO itens_compra(id,quantidade,quantidadedisponivel,total,valorunitario,compra_id,produto_id) VALUES (29186,20,0,500.00,25.00,29185,17);
INSERT INTO itens_compra(id,quantidade,quantidadedisponivel,total,valorunitario,compra_id,produto_id) VALUES (29074,4,0,400.00,100.00,29069,118);
INSERT INTO itens_compra(id,quantidade,quantidadedisponivel,total,valorunitario,compra_id,produto_id) VALUES (29034,2,0,200.00,100.00,29033,65);
INSERT INTO itens_compra(id,quantidade,quantidadedisponivel,total,valorunitario,compra_id,produto_id) VALUES (29106,5,0,500.00,100.00,29099,114);
INSERT INTO itens_compra(id,quantidade,quantidadedisponivel,total,valorunitario,compra_id,produto_id) VALUES (29157,3,0,300.00,100.00,29148,120);
INSERT INTO itens_compra(id,quantidade,quantidadedisponivel,total,valorunitario,compra_id,produto_id) VALUES (29101,1,0,120.00,120.00,29099,112);
INSERT INTO itens_compra(id,quantidade,quantidadedisponivel,total,valorunitario,compra_id,produto_id) VALUES (29268,7,0,665.00,95.00,29265,14);
INSERT INTO itens_compra(id,quantidade,quantidadedisponivel,total,valorunitario,compra_id,produto_id) VALUES (29086,5,0,500.00,100.00,29084,134);
INSERT INTO itens_compra(id,quantidade,quantidadedisponivel,total,valorunitario,compra_id,produto_id) VALUES (29210,1,0,50.00,50.00,29209,145);
INSERT INTO itens_compra(id,quantidade,quantidadedisponivel,total,valorunitario,compra_id,produto_id) VALUES (29361,5,0,430.00,86.00,29347,125);
INSERT INTO itens_compra(id,quantidade,quantidadedisponivel,total,valorunitario,compra_id,produto_id) VALUES (29356,20,19,1900.00,95.00,29347,65);
INSERT INTO itens_compra(id,quantidade,quantidadedisponivel,total,valorunitario,compra_id,produto_id) VALUES (29214,2,2,230.00,115.00,29213,136);
INSERT INTO itens_compra(id,quantidade,quantidadedisponivel,total,valorunitario,compra_id,produto_id) VALUES (29215,1,1,115.00,115.00,29213,112);
INSERT INTO itens_compra(id,quantidade,quantidadedisponivel,total,valorunitario,compra_id,produto_id) VALUES (29222,3,3,285.00,95.00,29213,134);
INSERT INTO itens_compra(id,quantidade,quantidadedisponivel,total,valorunitario,compra_id,produto_id) VALUES (29364,5,4,375.00,75.00,29347,151);
INSERT INTO itens_compra(id,quantidade,quantidadedisponivel,total,valorunitario,compra_id,produto_id) VALUES (29225,2,2,230.00,115.00,29213,115);
INSERT INTO itens_compra(id,quantidade,quantidadedisponivel,total,valorunitario,compra_id,produto_id) VALUES (29230,3,3,285.00,95.00,29213,109);
INSERT INTO itens_compra(id,quantidade,quantidadedisponivel,total,valorunitario,compra_id,produto_id) VALUES (29232,2,2,190.00,95.00,29213,133);
INSERT INTO itens_compra(id,quantidade,quantidadedisponivel,total,valorunitario,compra_id,produto_id) VALUES (29233,3,3,285.00,95.00,29213,116);
INSERT INTO itens_compra(id,quantidade,quantidadedisponivel,total,valorunitario,compra_id,produto_id) VALUES (29231,3,0,285.00,95.00,29213,119);
INSERT INTO itens_compra(id,quantidade,quantidadedisponivel,total,valorunitario,compra_id,produto_id) VALUES (29258,4,4,380.00,95.00,29257,134);
INSERT INTO itens_compra(id,quantidade,quantidadedisponivel,total,valorunitario,compra_id,produto_id) VALUES (29379,7,7,665.00,95.00,29374,140);
INSERT INTO itens_compra(id,quantidade,quantidadedisponivel,total,valorunitario,compra_id,produto_id) VALUES (29349,5,5,430.00,86.00,29347,111);
INSERT INTO itens_compra(id,quantidade,quantidadedisponivel,total,valorunitario,compra_id,produto_id) VALUES (29350,10,10,950.00,95.00,29347,63);
INSERT INTO itens_compra(id,quantidade,quantidadedisponivel,total,valorunitario,compra_id,produto_id) VALUES (29353,5,5,475.00,95.00,29347,114);
INSERT INTO itens_compra(id,quantidade,quantidadedisponivel,total,valorunitario,compra_id,produto_id) VALUES (29357,1,1,95.00,95.00,29347,117);
INSERT INTO itens_compra(id,quantidade,quantidadedisponivel,total,valorunitario,compra_id,produto_id) VALUES (29362,4,4,380.00,95.00,29347,122);
INSERT INTO itens_compra(id,quantidade,quantidadedisponivel,total,valorunitario,compra_id,produto_id) VALUES (29179,3,0,300.00,100.00,29168,105);
INSERT INTO itens_compra(id,quantidade,quantidadedisponivel,total,valorunitario,compra_id,produto_id) VALUES (29375,10,10,950.00,95.00,29374,13);
INSERT INTO itens_compra(id,quantidade,quantidadedisponivel,total,valorunitario,compra_id,produto_id) VALUES (29376,7,7,665.00,95.00,29374,63);
INSERT INTO itens_compra(id,quantidade,quantidadedisponivel,total,valorunitario,compra_id,produto_id) VALUES (29377,5,5,475.00,95.00,29374,139);
INSERT INTO itens_compra(id,quantidade,quantidadedisponivel,total,valorunitario,compra_id,produto_id) VALUES (29378,5,5,475.00,95.00,29374,108);
INSERT INTO itens_compra(id,quantidade,quantidadedisponivel,total,valorunitario,compra_id,produto_id) VALUES (29217,7,0,665.00,95.00,29213,14);
INSERT INTO itens_compra(id,quantidade,quantidadedisponivel,total,valorunitario,compra_id,produto_id) VALUES (29178,3,0,300.00,100.00,29168,65);
INSERT INTO itens_compra(id,quantidade,quantidadedisponivel,total,valorunitario,compra_id,produto_id) VALUES (29171,6,0,600.00,100.00,29168,106);
INSERT INTO itens_compra(id,quantidade,quantidadedisponivel,total,valorunitario,compra_id,produto_id) VALUES (29216,6,0,570.00,95.00,29213,13);
INSERT INTO itens_compra(id,quantidade,quantidadedisponivel,total,valorunitario,compra_id,produto_id) VALUES (29228,5,0,475.00,95.00,29213,117);
INSERT INTO itens_compra(id,quantidade,quantidadedisponivel,total,valorunitario,compra_id,produto_id) VALUES (29352,5,0,475.00,95.00,29347,140);
INSERT INTO itens_compra(id,quantidade,quantidadedisponivel,total,valorunitario,compra_id,produto_id) VALUES (29238,11,0,825.00,75.00,29213,152);
INSERT INTO itens_compra(id,quantidade,quantidadedisponivel,total,valorunitario,compra_id,produto_id) VALUES (29223,5,0,475.00,95.00,29213,140);
INSERT INTO itens_compra(id,quantidade,quantidadedisponivel,total,valorunitario,compra_id,produto_id) VALUES (29202,4,0,480.00,120.00,29201,128);
INSERT INTO itens_compra(id,quantidade,quantidadedisponivel,total,valorunitario,compra_id,produto_id) VALUES (29247,7,0,665.00,95.00,29245,106);
INSERT INTO itens_compra(id,quantidade,quantidadedisponivel,total,valorunitario,compra_id,produto_id) VALUES (29173,10,0,1000.00,100.00,29168,63);
INSERT INTO itens_compra(id,quantidade,quantidadedisponivel,total,valorunitario,compra_id,produto_id) VALUES (29218,4,0,380.00,95.00,29213,62);
INSERT INTO itens_compra(id,quantidade,quantidadedisponivel,total,valorunitario,compra_id,produto_id) VALUES (29355,3,0,345.00,115.00,29347,131);
INSERT INTO itens_compra(id,quantidade,quantidadedisponivel,total,valorunitario,compra_id,produto_id) VALUES (29174,3,0,300.00,100.00,29168,108);
INSERT INTO itens_compra(id,quantidade,quantidadedisponivel,total,valorunitario,compra_id,produto_id) VALUES (29367,20,18,400.00,20.00,29347,155);
INSERT INTO itens_compra(id,quantidade,quantidadedisponivel,total,valorunitario,compra_id,produto_id) VALUES (29175,2,0,200.00,100.00,29168,134);
INSERT INTO itens_compra(id,quantidade,quantidadedisponivel,total,valorunitario,compra_id,produto_id) VALUES (29237,11,0,1045.00,95.00,29213,147);
INSERT INTO itens_compra(id,quantidade,quantidadedisponivel,total,valorunitario,compra_id,produto_id) VALUES (29188,6,0,150.00,25.00,29187,149);
INSERT INTO itens_compra(id,quantidade,quantidadedisponivel,total,valorunitario,compra_id,produto_id) VALUES (29248,20,0,1900.00,95.00,29245,63);
INSERT INTO itens_compra(id,quantidade,quantidadedisponivel,total,valorunitario,compra_id,produto_id) VALUES (29253,4,3,380.00,95.00,29245,137);
INSERT INTO itens_compra(id,quantidade,quantidadedisponivel,total,valorunitario,compra_id,produto_id) VALUES (29180,5,1,500.00,100.00,29168,109);
INSERT INTO itens_compra(id,quantidade,quantidadedisponivel,total,valorunitario,compra_id,produto_id) VALUES (29307,22,0,550.00,25.00,29306,17);
INSERT INTO itens_compra(id,quantidade,quantidadedisponivel,total,valorunitario,compra_id,produto_id) VALUES (29172,3,0,300.00,100.00,29168,107);
INSERT INTO itens_compra(id,quantidade,quantidadedisponivel,total,valorunitario,compra_id,produto_id) VALUES (29267,3,0,345.00,115.00,29265,130);
INSERT INTO itens_compra(id,quantidade,quantidadedisponivel,total,valorunitario,compra_id,produto_id) VALUES (29269,5,1,475.00,95.00,29265,106);
INSERT INTO itens_compra(id,quantidade,quantidadedisponivel,total,valorunitario,compra_id,produto_id) VALUES (29365,10,3,950.00,95.00,29347,147);
INSERT INTO itens_compra(id,quantidade,quantidadedisponivel,total,valorunitario,compra_id,produto_id) VALUES (29249,3,0,258.00,86.00,29245,113);
INSERT INTO itens_compra(id,quantidade,quantidadedisponivel,total,valorunitario,compra_id,produto_id) VALUES (29314,1,0,95.00,95.00,29313,138);
INSERT INTO itens_compra(id,quantidade,quantidadedisponivel,total,valorunitario,compra_id,produto_id) VALUES (29229,5,0,475.00,95.00,29213,132);
INSERT INTO itens_compra(id,quantidade,quantidadedisponivel,total,valorunitario,compra_id,produto_id) VALUES (29266,1,0,115.00,115.00,29265,142);
INSERT INTO itens_compra(id,quantidade,quantidadedisponivel,total,valorunitario,compra_id,produto_id) VALUES (29271,4,0,344.00,86.00,29265,113);
INSERT INTO itens_compra(id,quantidade,quantidadedisponivel,total,valorunitario,compra_id,produto_id) VALUES (29177,3,0,300.00,100.00,29168,120);
INSERT INTO itens_compra(id,quantidade,quantidadedisponivel,total,valorunitario,compra_id,produto_id) VALUES (29354,4,3,380.00,95.00,29347,129);
INSERT INTO itens_compra(id,quantidade,quantidadedisponivel,total,valorunitario,compra_id,produto_id) VALUES (29252,2,0,190.00,95.00,29245,132);
INSERT INTO itens_compra(id,quantidade,quantidadedisponivel,total,valorunitario,compra_id,produto_id) VALUES (29351,5,4,475.00,95.00,29347,108);
INSERT INTO itens_compra(id,quantidade,quantidadedisponivel,total,valorunitario,compra_id,produto_id) VALUES (29235,10,0,950.00,95.00,29213,146);
INSERT INTO itens_compra(id,quantidade,quantidadedisponivel,total,valorunitario,compra_id,produto_id) VALUES (29270,3,0,285.00,95.00,29265,143);
INSERT INTO itens_compra(id,quantidade,quantidadedisponivel,total,valorunitario,compra_id,produto_id) VALUES (29221,2,0,190.00,95.00,29213,108);
INSERT INTO itens_compra(id,quantidade,quantidadedisponivel,total,valorunitario,compra_id,produto_id) VALUES (29236,10,0,750.00,75.00,29213,151);
INSERT INTO itens_compra(id,quantidade,quantidadedisponivel,total,valorunitario,compra_id,produto_id) VALUES (29226,2,0,230.00,115.00,29213,131);
INSERT INTO itens_compra(id,quantidade,quantidadedisponivel,total,valorunitario,compra_id,produto_id) VALUES (29251,4,0,380.00,95.00,29245,105);
INSERT INTO itens_compra(id,quantidade,quantidadedisponivel,total,valorunitario,compra_id,produto_id) VALUES (29262,22,0,550.00,25.00,29261,17);
INSERT INTO itens_compra(id,quantidade,quantidadedisponivel,total,valorunitario,compra_id,produto_id) VALUES (29220,4,0,380.00,95.00,29213,107);
INSERT INTO itens_compra(id,quantidade,quantidadedisponivel,total,valorunitario,compra_id,produto_id) VALUES (29272,5,0,430.00,86.00,29265,120);
INSERT INTO itens_compra(id,quantidade,quantidadedisponivel,total,valorunitario,compra_id,produto_id) VALUES (29303,1,0,95.00,95.00,29302,107);
INSERT INTO itens_compra(id,quantidade,quantidadedisponivel,total,valorunitario,compra_id,produto_id) VALUES (29254,2,0,172.00,86.00,29245,125);
INSERT INTO itens_compra(id,quantidade,quantidadedisponivel,total,valorunitario,compra_id,produto_id) VALUES (29275,4,0,380.00,95.00,29265,127);
INSERT INTO itens_compra(id,quantidade,quantidadedisponivel,total,valorunitario,compra_id,produto_id) VALUES (29371,13,11,579.93,44.61,29370,166);
INSERT INTO itens_compra(id,quantidade,quantidadedisponivel,total,valorunitario,compra_id,produto_id) VALUES (29280,5,0,140.00,28.00,29279,17);
INSERT INTO itens_compra(id,quantidade,quantidadedisponivel,total,valorunitario,compra_id,produto_id) VALUES (29219,5,0,475.00,95.00,29213,139);
INSERT INTO itens_compra(id,quantidade,quantidadedisponivel,total,valorunitario,compra_id,produto_id) VALUES (29274,3,0,258.00,86.00,29265,125);
INSERT INTO itens_compra(id,quantidade,quantidadedisponivel,total,valorunitario,compra_id,produto_id) VALUES (29206,24,0,600.00,25.00,29205,17);
INSERT INTO itens_compra(id,quantidade,quantidadedisponivel,total,valorunitario,compra_id,produto_id) VALUES (29234,2,1,190.00,95.00,29213,122);
INSERT INTO itens_compra(id,quantidade,quantidadedisponivel,total,valorunitario,compra_id,produto_id) VALUES (29276,4,0,344.00,86.00,29265,126);
INSERT INTO itens_compra(id,quantidade,quantidadedisponivel,total,valorunitario,compra_id,produto_id) VALUES (29176,3,0,300.00,100.00,29168,114);
INSERT INTO itens_compra(id,quantidade,quantidadedisponivel,total,valorunitario,compra_id,produto_id) VALUES (29358,6,0,516.00,86.00,29347,124);
INSERT INTO itens_compra(id,quantidade,quantidadedisponivel,total,valorunitario,compra_id,produto_id) VALUES (29227,10,0,950.00,95.00,29213,65);
INSERT INTO itens_compra(id,quantidade,quantidadedisponivel,total,valorunitario,compra_id,produto_id) VALUES (29359,3,1,285.00,95.00,29347,118);
INSERT INTO itens_compra(id,quantidade,quantidadedisponivel,total,valorunitario,compra_id,produto_id) VALUES (29333,24,21,326.64,13.61,29331,156);
INSERT INTO itens_compra(id,quantidade,quantidadedisponivel,total,valorunitario,compra_id,produto_id) VALUES (29273,5,0,475.00,95.00,29265,65);
INSERT INTO itens_compra(id,quantidade,quantidadedisponivel,total,valorunitario,compra_id,produto_id) VALUES (29250,8,2,760.00,95.00,29245,114);
INSERT INTO itens_compra(id,quantidade,quantidadedisponivel,total,valorunitario,compra_id,produto_id) VALUES (29348,20,0,1900.00,95.00,29347,14);
INSERT INTO itens_compra(id,quantidade,quantidadedisponivel,total,valorunitario,compra_id,produto_id) VALUES (29363,5,4,475.00,95.00,29347,146);
INSERT INTO itens_compra(id,quantidade,quantidadedisponivel,total,valorunitario,compra_id,produto_id) VALUES (29360,4,1,380.00,95.00,29347,119);
INSERT INTO itens_compra(id,quantidade,quantidadedisponivel,total,valorunitario,compra_id,produto_id) VALUES (29246,20,0,1900.00,95.00,29245,14);
INSERT INTO itens_compra(id,quantidade,quantidadedisponivel,total,valorunitario,compra_id,produto_id) VALUES (29332,144,0,613.44,4.26,29331,160);
INSERT INTO itens_compra(id,quantidade,quantidadedisponivel,total,valorunitario,compra_id,produto_id) VALUES (29285,5,5,475.00,95.00,29281,106);
INSERT INTO itens_compra(id,quantidade,quantidadedisponivel,total,valorunitario,compra_id,produto_id) VALUES (29292,5,5,430.00,86.00,29281,113);
INSERT INTO itens_compra(id,quantidade,quantidadedisponivel,total,valorunitario,compra_id,produto_id) VALUES (29295,4,4,380.00,95.00,29281,64);
INSERT INTO itens_compra(id,quantidade,quantidadedisponivel,total,valorunitario,compra_id,produto_id) VALUES (29319,8,8,760.00,95.00,29315,62);
INSERT INTO itens_compra(id,quantidade,quantidadedisponivel,total,valorunitario,compra_id,produto_id) VALUES (29320,5,5,430.00,86.00,29315,111);
INSERT INTO itens_compra(id,quantidade,quantidadedisponivel,total,valorunitario,compra_id,produto_id) VALUES (29322,5,5,430.00,86.00,29315,113);
INSERT INTO itens_compra(id,quantidade,quantidadedisponivel,total,valorunitario,compra_id,produto_id) VALUES (29323,5,5,475.00,95.00,29315,114);
INSERT INTO itens_compra(id,quantidade,quantidadedisponivel,total,valorunitario,compra_id,produto_id) VALUES (29324,3,3,345.00,115.00,29315,115);
INSERT INTO itens_compra(id,quantidade,quantidadedisponivel,total,valorunitario,compra_id,produto_id) VALUES (29328,3,3,285.00,95.00,29315,117);
INSERT INTO itens_compra(id,quantidade,quantidadedisponivel,total,valorunitario,compra_id,produto_id) VALUES (29341,10,10,259.20,25.92,29334,102);
INSERT INTO itens_compra(id,quantidade,quantidadedisponivel,total,valorunitario,compra_id,produto_id) VALUES (29290,2,0,190.00,95.00,29281,108);
INSERT INTO itens_compra(id,quantidade,quantidadedisponivel,total,valorunitario,compra_id,produto_id) VALUES (29294,2,0,172.00,86.00,29281,120);
INSERT INTO itens_compra(id,quantidade,quantidadedisponivel,total,valorunitario,compra_id,produto_id) VALUES (29310,10,0,750.00,75.00,29308,151);
INSERT INTO itens_compra(id,quantidade,quantidadedisponivel,total,valorunitario,compra_id,produto_id) VALUES (29200,15,0,1500.00,100.00,29199,65);
INSERT INTO itens_compra(id,quantidade,quantidadedisponivel,total,valorunitario,compra_id,produto_id) VALUES (29286,5,4,475.00,95.00,29281,139);
INSERT INTO itens_compra(id,quantidade,quantidadedisponivel,total,valorunitario,compra_id,produto_id) VALUES (29329,3,0,285.00,95.00,29315,118);
INSERT INTO itens_compra(id,quantidade,quantidadedisponivel,total,valorunitario,compra_id,produto_id) VALUES (29244,62,11,1550.00,25.00,29243,149);
INSERT INTO itens_compra(id,quantidade,quantidadedisponivel,total,valorunitario,compra_id,produto_id) VALUES (29298,5,0,475.00,95.00,29281,132);
INSERT INTO itens_compra(id,quantidade,quantidadedisponivel,total,valorunitario,compra_id,produto_id) VALUES (29204,2,0,230.00,115.00,29203,131);
INSERT INTO itens_compra(id,quantidade,quantidadedisponivel,total,valorunitario,compra_id,produto_id) VALUES (29346,10,9,291.60,29.16,29334,104);
INSERT INTO itens_compra(id,quantidade,quantidadedisponivel,total,valorunitario,compra_id,produto_id) VALUES (29317,10,4,950.00,95.00,29315,13);
INSERT INTO itens_compra(id,quantidade,quantidadedisponivel,total,valorunitario,compra_id,produto_id) VALUES (29282,1,0,115.00,115.00,29281,142);
INSERT INTO itens_compra(id,quantidade,quantidadedisponivel,total,valorunitario,compra_id,produto_id) VALUES (29264,2,0,100.00,50.00,29263,145);
INSERT INTO itens_compra(id,quantidade,quantidadedisponivel,total,valorunitario,compra_id,produto_id) VALUES (29337,50,37,1786.50,35.73,29334,79);
INSERT INTO itens_compra(id,quantidade,quantidadedisponivel,total,valorunitario,compra_id,produto_id) VALUES (29260,5,4,475.00,95.00,29259,141);
INSERT INTO itens_compra(id,quantidade,quantidadedisponivel,total,valorunitario,compra_id,produto_id) VALUES (29208,50,0,900.00,18.00,29207,18);
INSERT INTO itens_compra(id,quantidade,quantidadedisponivel,total,valorunitario,compra_id,produto_id) VALUES (29305,50,0,1400.00,28.00,29304,17);
INSERT INTO itens_compra(id,quantidade,quantidadedisponivel,total,valorunitario,compra_id,produto_id) VALUES (29326,3,0,285.00,95.00,29315,105);
INSERT INTO itens_compra(id,quantidade,quantidadedisponivel,total,valorunitario,compra_id,produto_id) VALUES (29296,5,0,475.00,95.00,29281,65);
INSERT INTO itens_compra(id,quantidade,quantidadedisponivel,total,valorunitario,compra_id,produto_id) VALUES (29339,10,0,281.70,28.17,29334,77);
INSERT INTO itens_compra(id,quantidade,quantidadedisponivel,total,valorunitario,compra_id,produto_id) VALUES (29284,15,6,1425.00,95.00,29281,62);
INSERT INTO itens_compra(id,quantidade,quantidadedisponivel,total,valorunitario,compra_id,produto_id) VALUES (29293,3,0,285.00,95.00,29281,143);
INSERT INTO itens_compra(id,quantidade,quantidadedisponivel,total,valorunitario,compra_id,produto_id) VALUES (29283,15,0,1425.00,95.00,29281,14);
INSERT INTO itens_compra(id,quantidade,quantidadedisponivel,total,valorunitario,compra_id,produto_id) VALUES (29288,8,7,760.00,95.00,29281,107);
INSERT INTO itens_compra(id,quantidade,quantidadedisponivel,total,valorunitario,compra_id,produto_id) VALUES (29278,2,0,120.00,60.00,29277,150);
INSERT INTO itens_compra(id,quantidade,quantidadedisponivel,total,valorunitario,compra_id,produto_id) VALUES (29369,28,0,700.00,25.00,29368,17);
INSERT INTO itens_compra(id,quantidade,quantidadedisponivel,total,valorunitario,compra_id,produto_id) VALUES (29325,5,0,475.00,95.00,29315,65);
INSERT INTO itens_compra(id,quantidade,quantidadedisponivel,total,valorunitario,compra_id,produto_id) VALUES (29344,10,6,283.60,28.36,29334,84);
INSERT INTO itens_compra(id,quantidade,quantidadedisponivel,total,valorunitario,compra_id,produto_id) VALUES (29327,5,0,475.00,95.00,29315,132);
INSERT INTO itens_compra(id,quantidade,quantidadedisponivel,total,valorunitario,compra_id,produto_id) VALUES (29345,50,36,1764.00,35.28,29334,103);
INSERT INTO itens_compra(id,quantidade,quantidadedisponivel,total,valorunitario,compra_id,produto_id) VALUES (29212,28,0,700.00,25.00,29211,17);
INSERT INTO itens_compra(id,quantidade,quantidadedisponivel,total,valorunitario,compra_id,produto_id) VALUES (29299,3,0,285.00,95.00,29281,118);
INSERT INTO itens_compra(id,quantidade,quantidadedisponivel,total,valorunitario,compra_id,produto_id) VALUES (29336,20,1,361.20,18.06,29334,92);
INSERT INTO itens_compra(id,quantidade,quantidadedisponivel,total,valorunitario,compra_id,produto_id) VALUES (29311,4,0,380.00,95.00,29308,147);
INSERT INTO itens_compra(id,quantidade,quantidadedisponivel,total,valorunitario,compra_id,produto_id) VALUES (29240,20,0,500.00,25.00,29239,17);
INSERT INTO itens_compra(id,quantidade,quantidadedisponivel,total,valorunitario,compra_id,produto_id) VALUES (29291,2,0,190.00,95.00,29281,140);
INSERT INTO itens_compra(id,quantidade,quantidadedisponivel,total,valorunitario,compra_id,produto_id) VALUES (29312,4,0,300.00,75.00,29308,152);
INSERT INTO itens_compra(id,quantidade,quantidadedisponivel,total,valorunitario,compra_id,produto_id) VALUES (29373,20,0,500.00,25.00,29372,17);
INSERT INTO itens_compra(id,quantidade,quantidadedisponivel,total,valorunitario,compra_id,produto_id) VALUES (29340,50,46,1393.50,27.87,29334,101);
INSERT INTO itens_compra(id,quantidade,quantidadedisponivel,total,valorunitario,compra_id,produto_id) VALUES (29301,2,0,172.00,86.00,29281,126);
INSERT INTO itens_compra(id,quantidade,quantidadedisponivel,total,valorunitario,compra_id,produto_id) VALUES (29343,10,3,283.60,28.36,29334,96);
INSERT INTO itens_compra(id,quantidade,quantidadedisponivel,total,valorunitario,compra_id,produto_id) VALUES (29289,15,0,1425.00,95.00,29281,63);
INSERT INTO itens_compra(id,quantidade,quantidadedisponivel,total,valorunitario,compra_id,produto_id) VALUES (29300,5,1,475.00,95.00,29281,127);
INSERT INTO itens_compra(id,quantidade,quantidadedisponivel,total,valorunitario,compra_id,produto_id) VALUES (29256,232,15,3944.00,17.00,29255,18);
INSERT INTO itens_compra(id,quantidade,quantidadedisponivel,total,valorunitario,compra_id,produto_id) VALUES (29335,250,199,5512.50,22.05,29334,91);
INSERT INTO itens_compra(id,quantidade,quantidadedisponivel,total,valorunitario,compra_id,produto_id) VALUES (29297,5,0,475.00,95.00,29281,117);
INSERT INTO itens_compra(id,quantidade,quantidadedisponivel,total,valorunitario,compra_id,produto_id) VALUES (29321,5,1,475.00,95.00,29315,63);
INSERT INTO itens_compra(id,quantidade,quantidadedisponivel,total,valorunitario,compra_id,produto_id) VALUES (29330,2,1,190.00,95.00,29315,138);
INSERT INTO itens_compra(id,quantidade,quantidadedisponivel,total,valorunitario,compra_id,produto_id) VALUES (29342,10,8,226.00,22.60,29334,82);
INSERT INTO itens_compra(id,quantidade,quantidadedisponivel,total,valorunitario,compra_id,produto_id) VALUES (29316,3,0,345.00,115.00,29315,130);
INSERT INTO itens_compra(id,quantidade,quantidadedisponivel,total,valorunitario,compra_id,produto_id) VALUES (29338,10,1,318.60,31.86,29334,76);
INSERT INTO itens_compra(id,quantidade,quantidadedisponivel,total,valorunitario,compra_id,produto_id) VALUES (29309,10,0,950.00,95.00,29308,146);
INSERT INTO itens_compra(id,quantidade,quantidadedisponivel,total,valorunitario,compra_id,produto_id) VALUES (29287,3,1,258.00,86.00,29281,111);
INSERT INTO itens_compra(id,quantidade,quantidadedisponivel,total,valorunitario,compra_id,produto_id) VALUES (29318,15,0,1425.00,95.00,29315,14);
INSERT INTO itens_compra(id,quantidade,quantidadedisponivel,total,valorunitario,compra_id,produto_id) VALUES (29380,4,4,380.00,95.00,29374,129);
INSERT INTO itens_compra(id,quantidade,quantidadedisponivel,total,valorunitario,compra_id,produto_id) VALUES (29382,2,2,230.00,115.00,29374,144);
INSERT INTO itens_compra(id,quantidade,quantidadedisponivel,total,valorunitario,compra_id,produto_id) VALUES (29385,3,3,285.00,95.00,29374,137);
INSERT INTO itens_compra(id,quantidade,quantidadedisponivel,total,valorunitario,compra_id,produto_id) VALUES (29386,4,4,344.00,86.00,29374,125);
INSERT INTO itens_compra(id,quantidade,quantidadedisponivel,total,valorunitario,compra_id,produto_id) VALUES (29387,7,7,665.00,95.00,29374,138);
INSERT INTO itens_compra(id,quantidade,quantidadedisponivel,total,valorunitario,compra_id,produto_id) VALUES (29388,5,5,430.00,86.00,29374,126);
INSERT INTO itens_compra(id,quantidade,quantidadedisponivel,total,valorunitario,compra_id,produto_id) VALUES (29393,207,207,3519.00,17.00,29392,18);
INSERT INTO itens_compra(id,quantidade,quantidadedisponivel,total,valorunitario,compra_id,produto_id) VALUES (29397,50,50,1400.00,28.00,29396,17);
INSERT INTO itens_compra(id,quantidade,quantidadedisponivel,total,valorunitario,compra_id,produto_id) VALUES (29403,15,15,375.00,25.00,29402,17);
INSERT INTO itens_compra(id,quantidade,quantidadedisponivel,total,valorunitario,compra_id,produto_id) VALUES (29407,3,3,345.00,115.00,29406,112);
INSERT INTO itens_compra(id,quantidade,quantidadedisponivel,total,valorunitario,compra_id,produto_id) VALUES (29412,30,30,750.00,25.00,29411,149);
INSERT INTO itens_compra(id,quantidade,quantidadedisponivel,total,valorunitario,compra_id,produto_id) VALUES (29415,24,24,166.32,6.93,29413,163);
INSERT INTO itens_compra(id,quantidade,quantidadedisponivel,total,valorunitario,compra_id,produto_id) VALUES (29421,3,3,285.00,95.00,29416,119);
INSERT INTO itens_compra(id,quantidade,quantidadedisponivel,total,valorunitario,compra_id,produto_id) VALUES (29422,3,3,285.00,95.00,29416,127);
INSERT INTO itens_compra(id,quantidade,quantidadedisponivel,total,valorunitario,compra_id,produto_id) VALUES (28587,10,0,260.00,26.00,28586,17);
INSERT INTO itens_compra(id,quantidade,quantidadedisponivel,total,valorunitario,compra_id,produto_id) VALUES (28569,2,0,220.00,110.00,28561,105);
INSERT INTO itens_compra(id,quantidade,quantidadedisponivel,total,valorunitario,compra_id,produto_id) VALUES (28566,2,0,220.00,110.00,28561,114);
INSERT INTO itens_compra(id,quantidade,quantidadedisponivel,total,valorunitario,compra_id,produto_id) VALUES (29002,5,0,500.00,100.00,28994,109);
INSERT INTO itens_compra(id,quantidade,quantidadedisponivel,total,valorunitario,compra_id,produto_id) VALUES (28814,17,0,306.00,18.00,28813,18);
INSERT INTO itens_compra(id,quantidade,quantidadedisponivel,total,valorunitario,compra_id,produto_id) VALUES (28740,3,0,360.00,120.00,28739,62);
INSERT INTO itens_compra(id,quantidade,quantidadedisponivel,total,valorunitario,compra_id,produto_id) VALUES (29399,3,0,345.00,115.00,29398,142);
INSERT INTO itens_compra(id,quantidade,quantidadedisponivel,total,valorunitario,compra_id,produto_id) VALUES (28776,70,0,1260.00,18.00,28775,18);
INSERT INTO itens_compra(id,quantidade,quantidadedisponivel,total,valorunitario,compra_id,produto_id) VALUES (29109,10,0,1000.00,100.00,29099,132);
INSERT INTO itens_compra(id,quantidade,quantidadedisponivel,total,valorunitario,compra_id,produto_id) VALUES (29400,2,1,230.00,115.00,29398,128);
INSERT INTO itens_compra(id,quantidade,quantidadedisponivel,total,valorunitario,compra_id,produto_id) VALUES (29381,6,3,570.00,95.00,29374,143);
INSERT INTO itens_compra(id,quantidade,quantidadedisponivel,total,valorunitario,compra_id,produto_id) VALUES (29016,5,0,500.00,100.00,29013,106);
INSERT INTO itens_compra(id,quantidade,quantidadedisponivel,total,valorunitario,compra_id,produto_id) VALUES (28959,5,0,500.00,100.00,28956,65);
INSERT INTO itens_compra(id,quantidade,quantidadedisponivel,total,valorunitario,compra_id,produto_id) VALUES (28802,4,0,200.00,50.00,28801,145);
INSERT INTO itens_compra(id,quantidade,quantidadedisponivel,total,valorunitario,compra_id,produto_id) VALUES (29405,2,1,230.00,115.00,29404,142);
INSERT INTO itens_compra(id,quantidade,quantidadedisponivel,total,valorunitario,compra_id,produto_id) VALUES (29093,10,0,380.00,38.00,29092,165);
INSERT INTO itens_compra(id,quantidade,quantidadedisponivel,total,valorunitario,compra_id,produto_id) VALUES (28564,2,0,220.00,110.00,28561,62);
INSERT INTO itens_compra(id,quantidade,quantidadedisponivel,total,valorunitario,compra_id,produto_id) VALUES (29085,3,0,300.00,100.00,29084,106);
INSERT INTO itens_compra(id,quantidade,quantidadedisponivel,total,valorunitario,compra_id,produto_id) VALUES (29184,6,0,300.00,50.00,29183,145);
INSERT INTO itens_compra(id,quantidade,quantidadedisponivel,total,valorunitario,compra_id,produto_id) VALUES (29409,6,0,570.00,95.00,29406,132);
INSERT INTO itens_compra(id,quantidade,quantidadedisponivel,total,valorunitario,compra_id,produto_id) VALUES (29098,9,0,225.00,25.00,29097,149);
INSERT INTO itens_compra(id,quantidade,quantidadedisponivel,total,valorunitario,compra_id,produto_id) VALUES (28709,120,0,3000.00,25.00,28708,17);
INSERT INTO itens_compra(id,quantidade,quantidadedisponivel,total,valorunitario,compra_id,produto_id) VALUES (29410,5,3,430.00,86.00,29406,120);
INSERT INTO itens_compra(id,quantidade,quantidadedisponivel,total,valorunitario,compra_id,produto_id) VALUES (28840,29,0,812.00,28.00,28839,17);
INSERT INTO itens_compra(id,quantidade,quantidadedisponivel,total,valorunitario,compra_id,produto_id) VALUES (29420,6,5,570.00,95.00,29416,132);
INSERT INTO itens_compra(id,quantidade,quantidadedisponivel,total,valorunitario,compra_id,produto_id) VALUES (29417,2,0,230.00,115.00,29416,130);
INSERT INTO itens_compra(id,quantidade,quantidadedisponivel,total,valorunitario,compra_id,produto_id) VALUES (28629,50,0,900.00,18.00,28628,18);
INSERT INTO itens_compra(id,quantidade,quantidadedisponivel,total,valorunitario,compra_id,produto_id) VALUES (28631,20,0,500.00,25.00,28630,17);
INSERT INTO itens_compra(id,quantidade,quantidadedisponivel,total,valorunitario,compra_id,produto_id) VALUES (28857,80,0,2531.20,31.64,28852,95);
INSERT INTO itens_compra(id,quantidade,quantidadedisponivel,total,valorunitario,compra_id,produto_id) VALUES (29401,2,1,230.00,115.00,29398,164);
INSERT INTO itens_compra(id,quantidade,quantidadedisponivel,total,valorunitario,compra_id,produto_id) VALUES (28974,59,0,1593.00,27.00,28973,17);
INSERT INTO itens_compra(id,quantidade,quantidadedisponivel,total,valorunitario,compra_id,produto_id) VALUES (28978,8,0,800.00,100.00,28977,65);
INSERT INTO itens_compra(id,quantidade,quantidadedisponivel,total,valorunitario,compra_id,produto_id) VALUES (29032,40,9,948.40,23.71,29031,80);
INSERT INTO itens_compra(id,quantidade,quantidadedisponivel,total,valorunitario,compra_id,produto_id) VALUES (29424,2,0,230.00,115.00,29423,130);
INSERT INTO itens_compra(id,quantidade,quantidadedisponivel,total,valorunitario,compra_id,produto_id) VALUES (28866,50,0,750.00,15.00,28865,18);
INSERT INTO itens_compra(id,quantidade,quantidadedisponivel,total,valorunitario,compra_id,produto_id) VALUES (29384,7,6,602.00,86.00,29374,124);
INSERT INTO itens_compra(id,quantidade,quantidadedisponivel,total,valorunitario,compra_id,produto_id) VALUES (29006,96,0,408.96,4.26,29004,160);
INSERT INTO itens_compra(id,quantidade,quantidadedisponivel,total,valorunitario,compra_id,produto_id) VALUES (29389,5,0,475.00,95.00,29374,14);
INSERT INTO itens_compra(id,quantidade,quantidadedisponivel,total,valorunitario,compra_id,produto_id) VALUES (28713,5,0,152.25,30.45,28712,85);
INSERT INTO itens_compra(id,quantidade,quantidadedisponivel,total,valorunitario,compra_id,produto_id) VALUES (28563,5,0,550.00,110.00,28561,14);
INSERT INTO itens_compra(id,quantidade,quantidadedisponivel,total,valorunitario,compra_id,produto_id) VALUES (28653,8,0,232.56,29.07,28650,75);
INSERT INTO itens_compra(id,quantidade,quantidadedisponivel,total,valorunitario,compra_id,produto_id) VALUES (28717,30,0,778.20,25.94,28712,75);
INSERT INTO itens_compra(id,quantidade,quantidadedisponivel,total,valorunitario,compra_id,produto_id) VALUES (29419,15,9,1425.00,95.00,29416,14);
INSERT INTO itens_compra(id,quantidade,quantidadedisponivel,total,valorunitario,compra_id,produto_id) VALUES (29194,5,0,500.00,100.00,29189,127);
INSERT INTO itens_compra(id,quantidade,quantidadedisponivel,total,valorunitario,compra_id,produto_id) VALUES (29395,20,11,500.00,25.00,29394,17);
INSERT INTO itens_compra(id,quantidade,quantidadedisponivel,total,valorunitario,compra_id,produto_id) VALUES (28965,15,0,1500.00,100.00,28956,14);
INSERT INTO itens_compra(id,quantidade,quantidadedisponivel,total,valorunitario,compra_id,produto_id) VALUES (28637,10,0,1100.00,110.00,28632,114);
INSERT INTO itens_compra(id,quantidade,quantidadedisponivel,total,valorunitario,compra_id,produto_id) VALUES (28729,48,0,332.64,6.93,28727,163);
INSERT INTO itens_compra(id,quantidade,quantidadedisponivel,total,valorunitario,compra_id,produto_id) VALUES (29414,120,75,511.20,4.26,29413,160);
INSERT INTO itens_compra(id,quantidade,quantidadedisponivel,total,valorunitario,compra_id,produto_id) VALUES (28981,9,0,900.00,100.00,28977,124);
INSERT INTO itens_compra(id,quantidade,quantidadedisponivel,total,valorunitario,compra_id,produto_id) VALUES (29125,6,0,600.00,100.00,29111,109);
INSERT INTO itens_compra(id,quantidade,quantidadedisponivel,total,valorunitario,compra_id,produto_id) VALUES (28784,96,0,408.96,4.26,28782,160);
INSERT INTO itens_compra(id,quantidade,quantidadedisponivel,total,valorunitario,compra_id,produto_id) VALUES (28707,14,0,1414.00,101.00,28706,111);
INSERT INTO itens_compra(id,quantidade,quantidadedisponivel,total,valorunitario,compra_id,produto_id) VALUES (29383,3,1,285.00,95.00,29374,105);
INSERT INTO itens_compra(id,quantidade,quantidadedisponivel,total,valorunitario,compra_id,produto_id) VALUES (29418,3,2,345.00,115.00,29416,131);
INSERT INTO itens_compra(id,quantidade,quantidadedisponivel,total,valorunitario,compra_id,produto_id) VALUES (28738,50,0,900.00,18.00,28737,18);
INSERT INTO itens_compra(id,quantidade,quantidadedisponivel,total,valorunitario,compra_id,produto_id) VALUES (29391,1,0,50.00,50.00,29390,145);
INSERT INTO itens_compra(id,quantidade,quantidadedisponivel,total,valorunitario,compra_id,produto_id) VALUES (29050,3,0,120.00,40.00,29049,158);
INSERT INTO itens_compra(id,quantidade,quantidadedisponivel,total,valorunitario,compra_id,produto_id) VALUES (29107,3,0,300.00,100.00,29099,120);
INSERT INTO itens_compra(id,quantidade,quantidadedisponivel,total,valorunitario,compra_id,produto_id) VALUES (29408,10,0,950.00,95.00,29406,14);
INSERT INTO itens_compra(id,quantidade,quantidadedisponivel,total,valorunitario,compra_id,produto_id) VALUES (29068,144,0,613.44,4.26,29066,160);
INSERT INTO itens_compra(id,quantidade,quantidadedisponivel,total,valorunitario,compra_id,produto_id) VALUES (29055,30,0,541.80,18.06,29053,92);
INSERT INTO itens_compra(id,quantidade,quantidadedisponivel,total,valorunitario,compra_id,produto_id) VALUES (29021,5,0,500.00,100.00,29013,129);
INSERT INTO itens_compra(id,quantidade,quantidadedisponivel,total,valorunitario,compra_id,produto_id) VALUES (29170,20,0,2000.00,100.00,29168,14);
INSERT INTO itens_compra(id,quantidade,quantidadedisponivel,total,valorunitario,compra_id,produto_id) VALUES (29242,192,0,817.92,4.26,29241,160);
INSERT INTO itens_compra(id,quantidade,quantidadedisponivel,total,valorunitario,compra_id,produto_id) VALUES (29224,4,0,380.00,95.00,29213,129);
INSERT INTO itens_compra(id,quantidade,quantidadedisponivel,total,valorunitario,compra_id,produto_id) VALUES (29065,190,0,3230.00,17.00,29064,18);
INSERT INTO itens_compra(id,quantidade,quantidadedisponivel,total,valorunitario,compra_id,produto_id) VALUES (29131,30,0,3000.00,100.00,29130,14);
INSERT INTO itens_compra(id,quantidade,quantidadedisponivel,total,valorunitario,compra_id,produto_id) VALUES (29054,300,0,6615.00,22.05,29053,91);
INSERT INTO itens_compra(id,quantidade,quantidadedisponivel,total,valorunitario,compra_id,produto_id) VALUES (29067,49,0,339.57,6.93,29066,163);
INSERT INTO itens_compra(id,quantidade,quantidadedisponivel,total,valorunitario,compra_id,produto_id) VALUES (29062,10,0,1000.00,100.00,29060,62);
INSERT INTO itens_compra(id,quantidade,quantidadedisponivel,total,valorunitario,compra_id,produto_id) VALUES (29366,10,3,750.00,75.00,29347,152);
INSERT INTO itens_compra(id,quantidade,quantidadedisponivel,total,valorunitario,compra_id,produto_id) VALUES (28985,8,0,800.00,100.00,28977,116);
INSERT INTO itens_compra(id,quantidade,quantidadedisponivel,total,valorunitario,compra_id,produto_id) VALUES (29096,55,0,1567.50,28.50,29095,17);
