INSERT INTO usuarios(id,contato,cpf,NULL,NULL,funcao,login,nome,senha) VALUES (32,'(92) 9-9470-0202','873.420.062-20',NULL,'Analista de Vendas','Tiago','Tiago da Silva Dantas','$2a$10$3qx8zRtYRtThYCE7GyPRzOPGDNV8TU5cy7C3lNK24AGbCbUmTAlQC');
INSERT INTO usuarios(id,contato,cpf,foto,funcao,login,nome,senha) VALUES (1,'(92) 9-9427-9086','739.187.842-15',NULL,'CEO','Tacito','Tácito Alfredo Dantas Neto','$2a$10$hjcMMhXTprbEcMfzX98J/.wsRexGLfQSq6meH.AgvirhLg5nIufaS');
INSERT INTO usuarios(id,contato,cpf,foto,funcao,login,nome,senha) VALUES (37569,'(92) 9-9608-2896','644.828.982-87',NULL,'Analista de Vendas','Nilton','Nilton César da Silva Dantas','$2a$10$yp6XFpu59Ba1mTNWArebBu4Dskq5PsoDhAimyj350V3dIG2JuYG/K');
INSERT INTO usuarios(id,contato,cpf,foto,funcao,login,nome,senha) VALUES (37570,'(92) 9-9436-2926','935.285.312-15',NULL,'Analista de Vendas','Risonildo','Risonildo da Silva Dantas','$2a$10$9k1zRolkRIn7HBom1NGbeubjMCGCcfyPkXjP6vWlihY0HLRxTKkGC');

INSERT INTO grupos (id, nome, descricao) VALUES (1, 'ADMINISTRADOR', 'Administrador'), (2, 'USUARIO_AVANCADO','Usuário Avançado'), (3, 'USUARIO_COMUM','Usuário Comum'); 

INSERT INTO usuario_grupo (usuario_id, grupo_id) VALUES (1, 1);

INSERT INTO categoria_produtos(id,nome) VALUES (1,'Porta');
INSERT INTO categoria_produtos(id,nome) VALUES (3,'Fechadura');
INSERT INTO categoria_produtos(id,nome) VALUES (2,'Aduelas');
INSERT INTO categoria_produtos(id,nome) VALUES (4,'Molduras');
INSERT INTO categoria_produtos(id,nome) VALUES (6,'Espuma');
INSERT INTO categoria_produtos(id,nome) VALUES (8,'Trilho');
INSERT INTO categoria_produtos(id,nome) VALUES (10,'Puxador');
INSERT INTO categoria_produtos(id,nome) VALUES (5,'Dobradiças');
INSERT INTO categoria_produtos(id,nome) VALUES (7,'Kit Padrão');
INSERT INTO categoria_produtos(id,nome) VALUES (153,'Batedor');
INSERT INTO categoria_produtos(id,nome) VALUES (154,'Vista');
INSERT INTO categoria_produtos(id,nome) VALUES (9,'Roudana');

INSERT INTO fornecedores(id,contato,nome) VALUES (1,'(92) 9-9252-5903','Madeforming');
INSERT INTO fornecedores(id,contato,nome) VALUES (2,'(22) 9-9229-7261','Stam');
INSERT INTO fornecedores(id,contato,nome) VALUES (11,NULL,'Marcelo');
INSERT INTO fornecedores(id,contato,nome) VALUES (12,NULL,'Avelino');

INSERT INTO produtos(id,codigo,descricao,foto,urlImagem,locacao,margemlucro,nome,quantidadeatual,categoriaproduto_id,fornecedor_id) VALUES (101,34948,'34948 - FECHADURA 803/21 ROSETA INOX(G)',NULL,NULL,'Loja',80,'EXTERNA INOX',46,3,2);
INSERT INTO produtos(id,codigo,descricao,foto,urlImagem,locacao,margemlucro,nome,quantidadeatual,categoriaproduto_id,fornecedor_id) VALUES (95,35086,'35086 - FECHADURA 1801/21 - ESP. OXIDADO (G)',NULL,NULL,'Loja',60,'EXTERNA OXIDADA',0,3,2);
INSERT INTO produtos(id,codigo,descricao,foto,urlImagem,locacao,margemlucro,nome,quantidadeatual,categoriaproduto_id,fornecedor_id) VALUES (75,40391,'40391 - FECHADURA 803/33 GORJE EXTERNA OXIDADO',NULL,NULL,'Loja',50,'EXTERNA OXIDADA',0,3,2);
INSERT INTO produtos(id,codigo,descricao,foto,urlImagem,locacao,margemlucro,nome,quantidadeatual,categoriaproduto_id,fornecedor_id) VALUES (98,36758,'36758 - FECHADURA 803/21 - ROSETA QUADRADA INOX (G',NULL,NULL,'Loja',42,'EXTERNA INOX',0,3,2);
INSERT INTO produtos(id,codigo,descricao,foto,urlImagem,locacao,margemlucro,nome,quantidadeatual,categoriaproduto_id,fornecedor_id) VALUES (100,11115,'11115 - FECHADURA 1820/10 - ESP. OXIDADO',NULL,NULL,'Loja',80,'BANHEIRO OXIDADA',1,3,2);
INSERT INTO produtos(id,codigo,descricao,foto,urlImagem,locacao,margemlucro,nome,quantidadeatual,categoriaproduto_id,fornecedor_id) VALUES (122,784,'784 - PORTA BRANCA FRISO 04 210X60',NULL,NULL,'Loja',36,'PORTA DE 60',5,1,1);
INSERT INTO produtos(id,codigo,descricao,foto,urlImagem,locacao,margemlucro,nome,quantidadeatual,categoriaproduto_id,fornecedor_id) VALUES (96,11352,'11352 - FECHADURA 1820/21 - ESP. OXIDADO',NULL,NULL,'Loja',80,'BANHEIRO OXIDADA',3,3,2);
INSERT INTO produtos(id,codigo,descricao,foto,urlImagem,locacao,margemlucro,nome,quantidadeatual,categoriaproduto_id,fornecedor_id) VALUES (89,40444,'40444 - FECHADURA 823/33 - ESP. OXIDADO',NULL,NULL,'Loja',40,'BANHEIRO OXIDADA',0,3,2);
INSERT INTO produtos(id,codigo,descricao,foto,urlImagem,locacao,margemlucro,nome,quantidadeatual,categoriaproduto_id,fornecedor_id) VALUES (120,819,'819 - PORTA MOGNO LISA 210X60',NULL,NULL,'Loja',36,'PORTA DE 60',3,1,1);
INSERT INTO produtos(id,codigo,descricao,foto,urlImagem,locacao,margemlucro,nome,quantidadeatual,categoriaproduto_id,fornecedor_id) VALUES (103,34950,'34950 - FECHADURA 803/21 ROSETA OXIDADO E COAT (G)',NULL,NULL,'Loja',40,'EXTERNA OXIDADA',36,3,2);
INSERT INTO produtos(id,codigo,descricao,foto,urlImagem,locacao,margemlucro,nome,quantidadeatual,categoriaproduto_id,fornecedor_id) VALUES (88,40481,'40481 - FECHADURA 824/33 - ESP. OXIDADO',NULL,NULL,'Loja',40,'BANHEIRO OXIDADA',0,3,2);
INSERT INTO produtos(id,codigo,descricao,foto,urlImagem,locacao,margemlucro,nome,quantidadeatual,categoriaproduto_id,fornecedor_id) VALUES (91,40467,'40467 - FECHADURA 804/33 - ESP. INOX (G)',NULL,NULL,'Loja',60,'EXTERNA INOX',199,3,2);
INSERT INTO produtos(id,codigo,descricao,foto,urlImagem,locacao,margemlucro,nome,quantidadeatual,categoriaproduto_id,fornecedor_id) VALUES (113,820,'820 - PORTA MOGNO LISA 210X70',NULL,NULL,'Loja',36,'PORTA DE 70',10,1,1);
INSERT INTO produtos(id,codigo,descricao,foto,urlImagem,locacao,margemlucro,nome,quantidadeatual,categoriaproduto_id,fornecedor_id) VALUES (19,103,'103 - DOBRADIÇAS',NULL,NULL,'Loja',100,'DOBRADIÇAS',0,5,12);
INSERT INTO produtos(id,codigo,descricao,foto,urlImagem,locacao,margemlucro,nome,quantidadeatual,categoriaproduto_id,fornecedor_id) VALUES (115,783,'783 - PORTA BRANCA FRISO 03 210X90',NULL,NULL,'Loja',36,'PORTA DE 90',5,1,1);
INSERT INTO produtos(id,codigo,descricao,foto,urlImagem,locacao,margemlucro,nome,quantidadeatual,categoriaproduto_id,fornecedor_id) VALUES (87,40469,'40469 - FECHADURA 804/33 - ESP. OXIDADO (G)',NULL,NULL,'Loja',40,'EXTERNA OXIDADA',0,3,2);
INSERT INTO produtos(id,codigo,descricao,foto,urlImagem,locacao,margemlucro,nome,quantidadeatual,categoriaproduto_id,fornecedor_id) VALUES (76,36772,'36772 - FECHADURA 823/21 ROSETA QUADRADA BANHEIRO OXIDADO',NULL,NULL,'Loja',50,'BANHEIRO OXIDADA',1,3,2);
INSERT INTO produtos(id,codigo,descricao,foto,urlImagem,locacao,margemlucro,nome,quantidadeatual,categoriaproduto_id,fornecedor_id) VALUES (93,35038,'35038 - FECHADURA 804/11 - ESP. INOX (G)',NULL,NULL,'Loja',30,'EXTERNA INOX',0,3,2);
INSERT INTO produtos(id,codigo,descricao,foto,urlImagem,locacao,margemlucro,nome,quantidadeatual,categoriaproduto_id,fornecedor_id) VALUES (118,785,'785 - PORTA BRANCA FRISO 04 210X70',NULL,NULL,'Loja',36,'PORTA DE 70',1,1,1);
INSERT INTO produtos(id,codigo,descricao,foto,urlImagem,locacao,margemlucro,nome,quantidadeatual,categoriaproduto_id,fornecedor_id) VALUES (90,40443,'40443 - FECHADURA 823/33 - ESP. INOX',NULL,NULL,'Loja',95,'BANHEIRO INOX',0,3,2);
INSERT INTO produtos(id,codigo,descricao,foto,urlImagem,locacao,margemlucro,nome,quantidadeatual,categoriaproduto_id,fornecedor_id) VALUES (104,35166,'35166 - FECHADURA 823/21 ROSETA OXIDADO E COAT',NULL,NULL,'Loja',70,'BANHEIRO INOX',9,3,2);
INSERT INTO produtos(id,codigo,descricao,foto,urlImagem,locacao,margemlucro,nome,quantidadeatual,categoriaproduto_id,fornecedor_id) VALUES (92,40480,'40480 - FECHADURA 824/33 - ESP. INOX',NULL,NULL,'Loja',95,'BANHEIRO INOX',1,3,2);
INSERT INTO produtos(id,codigo,descricao,foto,urlImagem,locacao,margemlucro,nome,quantidadeatual,categoriaproduto_id,fornecedor_id) VALUES (86,11494,'11494 - FECHADURA 823/21 - ESP. OXIDADO',NULL,NULL,'Loja',50,'BANHEIRO OXIDADA',0,3,2);
INSERT INTO produtos(id,codigo,descricao,foto,urlImagem,locacao,margemlucro,nome,quantidadeatual,categoriaproduto_id,fornecedor_id) VALUES (102,11491,'11491 - FECHADURA 823/21 ROSETA ESP INOX',NULL,NULL,'Loja',100,'BANHEIRO INOX',10,3,2);
INSERT INTO produtos(id,codigo,descricao,foto,urlImagem,locacao,margemlucro,nome,quantidadeatual,categoriaproduto_id,fornecedor_id) VALUES (121,787,'787 - PORTA BRANCA FRISO 04 210X90',NULL,NULL,'Loja',36,'PORTA DE 90',0,1,1);
INSERT INTO produtos(id,codigo,descricao,foto,urlImagem,locacao,margemlucro,nome,quantidadeatual,categoriaproduto_id,fornecedor_id) VALUES (85,35111,'35111 - FECHADURA 803/21 - ESP. OXIDADO (G)',NULL,NULL,'Loja',40,'EXTERNA OXIDADA',0,3,2);
INSERT INTO produtos(id,codigo,descricao,foto,urlImagem,locacao,margemlucro,nome,quantidadeatual,categoriaproduto_id,fornecedor_id) VALUES (119,789,'789 - PORTA BRANCA FRISO 05 210X70',NULL,NULL,'Loja',36,'PORTA DE 70',4,1,1);
INSERT INTO produtos(id,codigo,descricao,foto,urlImagem,locacao,margemlucro,nome,quantidadeatual,categoriaproduto_id,fornecedor_id) VALUES (94,35039,'35039 - FECHADURA 804/11 - ESP. OXIDADO (G)',NULL,NULL,'Loja',30,'EXTERNA OXIDADA',1,3,2);
INSERT INTO produtos(id,codigo,descricao,foto,urlImagem,locacao,margemlucro,nome,quantidadeatual,categoriaproduto_id,fornecedor_id) VALUES (116,780,'780 - PORTA BRANCA FRISO 03 210X60',NULL,NULL,'Loja',36,'PORTA DE 60',7,1,1);
INSERT INTO produtos(id,codigo,descricao,foto,urlImagem,locacao,margemlucro,nome,quantidadeatual,categoriaproduto_id,fornecedor_id) VALUES (99,35093,'35093 - FECHADURA 1801/10 - ESP. OXIDADO (G)',NULL,NULL,'Loja',60,'EXTERNA OXIDADA',10,3,2);
INSERT INTO produtos(id,codigo,descricao,foto,urlImagem,locacao,margemlucro,nome,quantidadeatual,categoriaproduto_id,fornecedor_id) VALUES (155,700,'700 - BATEDOR PORTA DE CORRER',NULL,NULL,'Loja',100,'BATEDOR',18,153,11);
INSERT INTO produtos(id,codigo,descricao,foto,urlImagem,locacao,margemlucro,nome,quantidadeatual,categoriaproduto_id,fornecedor_id) VALUES (147,224,'224 - JOGO DE ADUELA BRANCO',NULL,NULL,'Loja',35,'ADUELA BRANCO',3,2,1);
INSERT INTO produtos(id,codigo,descricao,foto,urlImagem,locacao,margemlucro,nome,quantidadeatual,categoriaproduto_id,fornecedor_id) VALUES (135,803,'803-PORTA MOGNO FRISO 02 210X60',NULL,NULL,'Loja',36,'PORTA DE 60',7,1,1);
INSERT INTO produtos(id,codigo,descricao,foto,urlImagem,locacao,margemlucro,nome,quantidadeatual,categoriaproduto_id,fornecedor_id) VALUES (165,500,'500 - ROUDANA',NULL,NULL,'Loja',100,'ROUDANA',0,9,12);
INSERT INTO produtos(id,codigo,descricao,foto,urlImagem,locacao,margemlucro,nome,quantidadeatual,categoriaproduto_id,fornecedor_id) VALUES (146,223,'223 - JOGO DE ADUELA MOGNO',NULL,NULL,'Loja',35,'ADUELA MOGNO',4,2,1);
INSERT INTO produtos(id,codigo,descricao,foto,urlImagem,locacao,margemlucro,nome,quantidadeatual,categoriaproduto_id,fornecedor_id) VALUES (151,225,'225 - JOGO DE MOLDURA MOGNO',NULL,NULL,'Loja',100,'MOLDURA MOGNO',4,4,1);
INSERT INTO produtos(id,codigo,descricao,foto,urlImagem,locacao,margemlucro,nome,quantidadeatual,categoriaproduto_id,fornecedor_id) VALUES (128,814,'814 - PORTA MOGNO FRISO 04 210X90',NULL,NULL,'Loja',36,'PORTA DE 90',1,1,1);
INSERT INTO produtos(id,codigo,descricao,foto,urlImagem,locacao,margemlucro,nome,quantidadeatual,categoriaproduto_id,fornecedor_id) VALUES (123,800,'800 - PORTA MOGNO FRISO 01 210X70',NULL,NULL,'Loja',36,'PORTA DE 70',0,1,1);
INSERT INTO produtos(id,codigo,descricao,foto,urlImagem,locacao,margemlucro,nome,quantidadeatual,categoriaproduto_id,fornecedor_id) VALUES (132,833,'833 - PORTA BRANCA FRISO 08 210X80',NULL,NULL,'Loja',36,'PORTA DE 80',5,1,1);
INSERT INTO produtos(id,codigo,descricao,foto,urlImagem,locacao,margemlucro,nome,quantidadeatual,categoriaproduto_id,fornecedor_id) VALUES (133,776,'776 - PORTA BRANCA FRISO 02 210X60',NULL,NULL,'Loja',36,'PORTA DE 60',4,1,1);
INSERT INTO produtos(id,codigo,descricao,foto,urlImagem,locacao,margemlucro,nome,quantidadeatual,categoriaproduto_id,fornecedor_id) VALUES (166,900,'900 - VISTA PORTA DE CORRER MOGNO',NULL,NULL,'Loja',100,'VISTA',11,154,12);
INSERT INTO produtos(id,codigo,descricao,foto,urlImagem,locacao,margemlucro,nome,quantidadeatual,categoriaproduto_id,fornecedor_id) VALUES (161,76003,'76003 - DOBRADIÇAS COM ROLAMENTO INOX FOSCO',NULL,NULL,'Loja',100,'DOBRADIÇAS',0,5,12);
INSERT INTO produtos(id,codigo,descricao,foto,urlImagem,locacao,margemlucro,nome,quantidadeatual,categoriaproduto_id,fornecedor_id) VALUES (129,811,'811 - PORTA MOGNO FRISO 04 210X60',NULL,NULL,'Loja',36,'PORTA DE 60',7,1,1);
INSERT INTO produtos(id,codigo,descricao,foto,urlImagem,locacao,margemlucro,nome,quantidadeatual,categoriaproduto_id,fornecedor_id) VALUES (140,844,'844 - PORTA MOGNO FRISO 08 210X70',NULL,NULL,'Loja',36,'PORTA DE 70',7,1,1);
INSERT INTO produtos(id,codigo,descricao,foto,urlImagem,locacao,margemlucro,nome,quantidadeatual,categoriaproduto_id,fornecedor_id) VALUES (158,400,'400 - TRILHO POR DA CORRER',NULL,NULL,'Loja',100,'TRILHO',1,8,12);
INSERT INTO produtos(id,codigo,descricao,foto,urlImagem,locacao,margemlucro,nome,quantidadeatual,categoriaproduto_id,fornecedor_id) VALUES (156,12059,'12059 - ESPUMA EXPANSIVA SPRAY',NULL,NULL,'Loja',100,'ESPUMA',21,6,12);
INSERT INTO produtos(id,codigo,descricao,foto,urlImagem,locacao,margemlucro,nome,quantidadeatual,categoriaproduto_id,fornecedor_id) VALUES (138,831,'831 - PORTA BRANCA FRISO 08 210X60',NULL,NULL,'Loja',36,'PORTA DE 60',8,1,1);
INSERT INTO produtos(id,codigo,descricao,foto,urlImagem,locacao,margemlucro,nome,quantidadeatual,categoriaproduto_id,fornecedor_id) VALUES (137,832,'832 - PORTA BRANCA FRISO 08 210X70',NULL,NULL,'Loja',36,'PORTA DE 70',6,1,1);
INSERT INTO produtos(id,codigo,descricao,foto,urlImagem,locacao,margemlucro,nome,quantidadeatual,categoriaproduto_id,fornecedor_id) VALUES (162,76008,'76008 - DOBRADIÇAS SEM ROLAMENTO INOX POLIDO',NULL,NULL,'Loja',100,'DOBRADIÇAS',6,5,12);
INSERT INTO produtos(id,codigo,descricao,foto,urlImagem,locacao,margemlucro,nome,quantidadeatual,categoriaproduto_id,fornecedor_id) VALUES (134,816,'816 - PORTA MOGNO FRISO 05 210X70',NULL,NULL,'Loja',36,'PORTA DE 70',7,1,1);
INSERT INTO produtos(id,codigo,descricao,foto,urlImagem,locacao,margemlucro,nome,quantidadeatual,categoriaproduto_id,fornecedor_id) VALUES (150,50,'50 - MOLDURA DE 10cm',NULL,NULL,'Loja',100,'MOLDURA DE 10cm',0,4,11);
INSERT INTO produtos(id,codigo,descricao,foto,urlImagem,locacao,margemlucro,nome,quantidadeatual,categoriaproduto_id,fornecedor_id) VALUES (152,226,'226 - OGO DE MOLDURA BRANCO',NULL,NULL,'Loja',100,'MOLDURA BRANCO',3,4,1);
INSERT INTO produtos(id,codigo,descricao,foto,urlImagem,locacao,margemlucro,nome,quantidadeatual,categoriaproduto_id,fornecedor_id) VALUES (149,300,'300 - MOLDURA DE 7cm',NULL,NULL,'Loja',100,'MOLDURA DE 7cm',41,4,11);
INSERT INTO produtos(id,codigo,descricao,foto,urlImagem,locacao,margemlucro,nome,quantidadeatual,categoriaproduto_id,fornecedor_id) VALUES (127,788,'788 - PORTA BRANCA FRISO 05 210X60',NULL,NULL,'Loja',36,'PORTA DE 60',4,1,1);
INSERT INTO produtos(id,codigo,descricao,foto,urlImagem,locacao,margemlucro,nome,quantidadeatual,categoriaproduto_id,fornecedor_id) VALUES (159,76013,'76013 - DOBRADIÇAS COM ROLAMENTO INOX',NULL,NULL,'Loja',100,'DOBRADIÇAS',12,5,12);
INSERT INTO produtos(id,codigo,descricao,foto,urlImagem,locacao,margemlucro,nome,quantidadeatual,categoriaproduto_id,fornecedor_id) VALUES (78,38403,'38403 - FECHADURA 803/21 ROSETA QUADRADA 1 GORJE EXTERNA INOX',NULL,NULL,'Loja',50,'EXTERNA INOX',0,3,2);
INSERT INTO produtos(id,codigo,descricao,foto,urlImagem,locacao,margemlucro,nome,quantidadeatual,categoriaproduto_id,fornecedor_id) VALUES (125,793,'793 - PORTA BRANCA LISA 210X70',NULL,NULL,'Loja',36,'PORTA DE 70',4,1,1);
INSERT INTO produtos(id,codigo,descricao,foto,urlImagem,locacao,margemlucro,nome,quantidadeatual,categoriaproduto_id,fornecedor_id) VALUES (143,843,'843 - PORTA MOGNO FRISO 08 210X60',NULL,NULL,'Loja',36,'PORTA DE 60',3,1,1);
INSERT INTO produtos(id,codigo,descricao,foto,urlImagem,locacao,margemlucro,nome,quantidadeatual,categoriaproduto_id,fornecedor_id) VALUES (126,792,'792 - PORTA BRANCA LISA 210X60',NULL,NULL,'Loja',36,'PORTA DE 60',5,1,1);
INSERT INTO produtos(id,codigo,descricao,foto,urlImagem,locacao,margemlucro,nome,quantidadeatual,categoriaproduto_id,fornecedor_id) VALUES (130,822,'822 - PORTA MOGNO LISA 210X90',NULL,NULL,'Loja',36,'PORTA DE 90',0,1,1);
INSERT INTO produtos(id,codigo,descricao,foto,urlImagem,locacao,margemlucro,nome,quantidadeatual,categoriaproduto_id,fornecedor_id) VALUES (142,846,'846 - PORTA MOGNO FRISO 08 210X90',NULL,NULL,'Loja',36,'PORTA DE 90',1,1,1);
INSERT INTO produtos(id,codigo,descricao,foto,urlImagem,locacao,margemlucro,nome,quantidadeatual,categoriaproduto_id,fornecedor_id) VALUES (164,818,'818 - PORTA MOGNO FRISO 05 210X90',NULL,NULL,'Loja',36,'PORTA DE 90',1,1,1);
INSERT INTO produtos(id,codigo,descricao,foto,urlImagem,locacao,margemlucro,nome,quantidadeatual,categoriaproduto_id,fornecedor_id) VALUES (136,806,'806 - PORTA MOGNO FRISO 02 210X90',NULL,NULL,'Loja',36,'PORTA DE 90',2,1,1);
INSERT INTO produtos(id,codigo,descricao,foto,urlImagem,locacao,margemlucro,nome,quantidadeatual,categoriaproduto_id,fornecedor_id) VALUES (139,845,'845 - PORTA MOGNO FRISO 08 210X80',NULL,NULL,'Loja',36,'PORTA DE 80',9,1,1);
INSERT INTO produtos(id,codigo,descricao,foto,urlImagem,locacao,margemlucro,nome,quantidadeatual,categoriaproduto_id,fornecedor_id) VALUES (157,600,'600 - PUXADOR PORTA DE CORRER',NULL,NULL,'Loja',100,'PUXADOR',7,10,12);
INSERT INTO produtos(id,codigo,descricao,foto,urlImagem,locacao,margemlucro,nome,quantidadeatual,categoriaproduto_id,fornecedor_id) VALUES (141,815,'815 - PORTA MOGNO FRISO 05 210X60',NULL,NULL,'Loja',36,'PORTA DE 60',4,1,1);
INSERT INTO produtos(id,codigo,descricao,foto,urlImagem,locacao,margemlucro,nome,quantidadeatual,categoriaproduto_id,fornecedor_id) VALUES (144,834,'834 - PORTA BRANCA FRISO 08 210X90',NULL,NULL,'Loja',36,'PORTA DE 90',2,1,1);
INSERT INTO produtos(id,codigo,descricao,foto,urlImagem,locacao,margemlucro,nome,quantidadeatual,categoriaproduto_id,fornecedor_id) VALUES (77,36771,'36771 - FECHADURA 823/21 ROSETA QUADRADA BANHEIRO INOX',NULL,NULL,'Loja',50,'BANHEIRO INOX',0,3,2);
INSERT INTO produtos(id,codigo,descricao,foto,urlImagem,locacao,margemlucro,nome,quantidadeatual,categoriaproduto_id,fornecedor_id) VALUES (79,36760,'36760 - FECHADURA 803/21 ROSETA QUADRADA GORJE EXTERNA OXIDADO',NULL,NULL,'Loja',40,'EXTERNA OXIDADA',37,3,2);
INSERT INTO produtos(id,codigo,descricao,foto,urlImagem,locacao,margemlucro,nome,quantidadeatual,categoriaproduto_id,fornecedor_id) VALUES (82,11350,'11350 - FECHADURA 1820/21 BANHEIRO INOX',NULL,NULL,'Loja',75,'BANHEIRO INOX',8,3,2);
INSERT INTO produtos(id,codigo,descricao,foto,urlImagem,locacao,margemlucro,nome,quantidadeatual,categoriaproduto_id,fornecedor_id) VALUES (131,795,'795 - PORTA BRANCA LISA 210X90',NULL,NULL,'Loja',36,'PORTA DE 90',2,1,1);
INSERT INTO produtos(id,codigo,descricao,foto,urlImagem,locacao,margemlucro,nome,quantidadeatual,categoriaproduto_id,fornecedor_id) VALUES (124,794,'794 - PORTA BRANCA LISA 210X80',NULL,NULL,'Loja',36,'PORTA DE 80',6,1,1);
INSERT INTO produtos(id,codigo,descricao,foto,urlImagem,locacao,margemlucro,nome,quantidadeatual,categoriaproduto_id,fornecedor_id) VALUES (13,805,'805 - PORTA MOGNO FRISO 02 210X80',NULL,NULL,'Loja',36,'PORTA DE 80',14,1,1);
INSERT INTO produtos(id,codigo,descricao,foto,urlImagem,locacao,margemlucro,nome,quantidadeatual,categoriaproduto_id,fornecedor_id) VALUES (84,11349,'11349 - FECHADURA 1820/21 BANHEIRO ANTIQUE',NULL,NULL,'Loja',60,'BANHEIRO ANTIQUE',6,3,2);
INSERT INTO produtos(id,codigo,descricao,foto,urlImagem,locacao,margemlucro,nome,quantidadeatual,categoriaproduto_id,fornecedor_id) VALUES (110,777,'777 - PORTA BRANCA FRISO 02 210X70',NULL,NULL,'Loja',36,'PORTA DE 70',5,1,1);
INSERT INTO produtos(id,codigo,descricao,foto,urlImagem,locacao,margemlucro,nome,quantidadeatual,categoriaproduto_id,fornecedor_id) VALUES (64,778,'778 - PORTA BRANCA FRISO 02 210X80',NULL,NULL,'LOJA',36,'PORTA DE 80',10,1,1);
INSERT INTO produtos(id,codigo,descricao,foto,urlImagem,locacao,margemlucro,nome,quantidadeatual,categoriaproduto_id,fornecedor_id) VALUES (97,35040,'35040 - FECHADURA 940 - ESP. INOX (G)',NULL,NULL,'Loja',100,'EXTERNA INOX',11,3,2);
INSERT INTO produtos(id,codigo,descricao,foto,urlImagem,locacao,margemlucro,nome,quantidadeatual,categoriaproduto_id,fornecedor_id) VALUES (16,40389,'40389 - FECHADURA 803/33 GORJE EXTERNA INOX',NULL,NULL,'loja',60,'EXTERNA INOX',0,3,2);
INSERT INTO produtos(id,codigo,descricao,foto,urlImagem,locacao,margemlucro,nome,quantidadeatual,categoriaproduto_id,fornecedor_id) VALUES (106,817,'817 - PORTA MOGNO FRISO 05 210X80',NULL,NULL,'Loja',36,'PORTA DE 80',6,1,1);
INSERT INTO produtos(id,codigo,descricao,foto,urlImagem,locacao,margemlucro,nome,quantidadeatual,categoriaproduto_id,fornecedor_id) VALUES (83,35100,'35100 - FECHADURA 1801/21 GORJE EXTERNA ANTIQUE',NULL,NULL,'Loja',40,'EXTERNA ANTIQUE',0,3,2);
INSERT INTO produtos(id,codigo,descricao,foto,urlImagem,locacao,margemlucro,nome,quantidadeatual,categoriaproduto_id,fornecedor_id) VALUES (108,812,'812 - PORTA MOGNO FRISO 04 210X70',NULL,NULL,'Loja',36,'PORTA DE 70',9,1,1);
INSERT INTO produtos(id,codigo,descricao,foto,urlImagem,locacao,margemlucro,nome,quantidadeatual,categoriaproduto_id,fornecedor_id) VALUES (112,810,'810 - PORTA MOGNO FRISO 03 210X90',NULL,NULL,'Loja',36,'PORTA DE 90',4,1,1);
INSERT INTO produtos(id,codigo,descricao,foto,urlImagem,locacao,margemlucro,nome,quantidadeatual,categoriaproduto_id,fornecedor_id) VALUES (63,808,'808 - PORTA MOGNO FRISO 03 210X70',NULL,NULL,'LOJA',36,'PORTA DE 70',18,1,1);
INSERT INTO produtos(id,codigo,descricao,foto,urlImagem,locacao,margemlucro,nome,quantidadeatual,categoriaproduto_id,fornecedor_id) VALUES (107,804,'804 - PORTA MOGNO FRISO 02 210X70',NULL,NULL,'Loja',36,'PORTA DE 70',7,1,1);
INSERT INTO produtos(id,codigo,descricao,foto,urlImagem,locacao,margemlucro,nome,quantidadeatual,categoriaproduto_id,fornecedor_id) VALUES (65,782,'782 - PORTA BRANCA FRISO 03 210X80',NULL,NULL,'LOJA',36,'PORTA DE 80',19,1,1);
INSERT INTO produtos(id,codigo,descricao,foto,urlImagem,locacao,margemlucro,nome,quantidadeatual,categoriaproduto_id,fornecedor_id) VALUES (14,809,'809 - PORTA MOGNO FRISO 03 210X80',NULL,NULL,'Loja',36,'PORTA DE 80',9,1,1);
INSERT INTO produtos(id,codigo,descricao,foto,urlImagem,locacao,margemlucro,nome,quantidadeatual,categoriaproduto_id,fornecedor_id) VALUES (111,821,'821 - PORTA MOGNO LISA 210X80',NULL,NULL,'Loja',36,'PORTA DE 80',11,1,1);
INSERT INTO produtos(id,codigo,descricao,foto,urlImagem,locacao,margemlucro,nome,quantidadeatual,categoriaproduto_id,fornecedor_id) VALUES (18,102,'102 - MOLDURA PADRÃO 5CM',NULL,NULL,'Loja',100,'MOLDURA PADRÃO',222,4,11);
INSERT INTO produtos(id,codigo,descricao,foto,urlImagem,locacao,margemlucro,nome,quantidadeatual,categoriaproduto_id,fornecedor_id) VALUES (160,8556,'8556 - DOBRADIÇAS SILVANA',NULL,NULL,'Loja',100,'DOBRADIÇAS',75,5,12);
INSERT INTO produtos(id,codigo,descricao,foto,urlImagem,locacao,margemlucro,nome,quantidadeatual,categoriaproduto_id,fornecedor_id) VALUES (105,786,'786 - PORTA BRANCA FRISO 04 210X80',NULL,NULL,'Loja',36,'PORTA DE 80',1,1,1);
INSERT INTO produtos(id,codigo,descricao,foto,urlImagem,locacao,margemlucro,nome,quantidadeatual,categoriaproduto_id,fornecedor_id) VALUES (163,1653,'1653 - DOBRADIÇAS COLONIAL',NULL,NULL,'Loja',100,'DOBRADIÇAS',24,5,12);
INSERT INTO produtos(id,codigo,descricao,foto,urlImagem,locacao,margemlucro,nome,quantidadeatual,categoriaproduto_id,fornecedor_id) VALUES (109,781,'781 - PORTA BRANCA FRISO 03 210X70',NULL,NULL,'Loja',36,'PORTA DE 70',4,1,1);
INSERT INTO produtos(id,codigo,descricao,foto,urlImagem,locacao,margemlucro,nome,quantidadeatual,categoriaproduto_id,fornecedor_id) VALUES (15,36806,'36806 - FECHADURA 803/25 ROSETA QUADRADA GORJE EXTERNA INOX',NULL,NULL,'Loja',60,'EXTERNA INOX',0,3,2);
INSERT INTO produtos(id,codigo,descricao,foto,urlImagem,locacao,margemlucro,nome,quantidadeatual,categoriaproduto_id,fornecedor_id) VALUES (81,35274,'35274 - FECHADURA 1821/01 GORJE EXTERNA INOX',NULL,NULL,'Loja',50,'EXTERNA INOX',59,3,2);
INSERT INTO produtos(id,codigo,descricao,foto,urlImagem,locacao,margemlucro,nome,quantidadeatual,categoriaproduto_id,fornecedor_id) VALUES (80,10356,'10356 - FECHADURA POP LINE SOPRANO',NULL,NULL,'Loja',60,'EXTERNA INOX',9,3,12);
INSERT INTO produtos(id,codigo,descricao,foto,urlImagem,locacao,margemlucro,nome,quantidadeatual,categoriaproduto_id,fornecedor_id) VALUES (62,813,'813 - PORTA MOGNO FRISO 04 210X80',NULL,NULL,'LOJA',36,'PORTA DE 80',14,1,1);
INSERT INTO produtos(id,codigo,descricao,foto,urlImagem,locacao,margemlucro,nome,quantidadeatual,categoriaproduto_id,fornecedor_id) VALUES (117,790,'790 - PORTA BRANCA FRISO 05 210X80',NULL,NULL,'Loja',36,'PORTA DE 80',4,1,1);
INSERT INTO produtos(id,codigo,descricao,foto,urlImagem,locacao,margemlucro,nome,quantidadeatual,categoriaproduto_id,fornecedor_id) VALUES (114,807,'807 - PORTA MOGNO FRISO 03 210X60',NULL,NULL,'Loja',36,'PORTA DE 60',12,1,1);
INSERT INTO produtos(id,codigo,descricao,foto,urlImagem,locacao,margemlucro,nome,quantidadeatual,categoriaproduto_id,fornecedor_id) VALUES (17,101,'101 - ADUELA PADRÃO 13CM',NULL,NULL,'Loja',100,'ADUELAS',76,2,11);
INSERT INTO produtos(id,codigo,descricao,foto,urlImagem,locacao,margemlucro,nome,quantidadeatual,categoriaproduto_id,fornecedor_id) VALUES (145,200,'200 - ADUELAS PERSONALIZADAS',NULL,NULL,'Loja',100,'ADUELAS PERSONALIZADAS',0,2,11);

INSERT INTO bairros(id,nome,zona) VALUES (1,'Adrianápolis','CENTRO_SUL');
INSERT INTO bairros(id,nome,zona) VALUES (2,'Aleixo','CENTRO_SUL');
INSERT INTO bairros(id,nome,zona) VALUES (3,'Alvorada','CENTRO_OESTE');
INSERT INTO bairros(id,nome,zona) VALUES (4,'Armando Mendes','LESTE');
INSERT INTO bairros(id,nome,zona) VALUES (5,'Betânia','SUL');
INSERT INTO bairros(id,nome,zona) VALUES (6,'Cachoeirinha','SUL');
INSERT INTO bairros(id,nome,zona) VALUES (7,'Centro','SUL');
INSERT INTO bairros(id,nome,zona) VALUES (8,'Chapada','CENTRO_SUL');
INSERT INTO bairros(id,nome,zona) VALUES (9,'Cidade de Deus','NORTE');
INSERT INTO bairros(id,nome,zona) VALUES (10,'Cidade Nova','NORTE');
INSERT INTO bairros(id,nome,zona) VALUES (11,'Colônia Antônio Aleixo','LESTE');
INSERT INTO bairros(id,nome,zona) VALUES (12,'Colônia Oliveira Machado','SUL');
INSERT INTO bairros(id,nome,zona) VALUES (13,'Colônia Santo Antônio','NORTE');
INSERT INTO bairros(id,nome,zona) VALUES (14,'Colônia Terra Nova','NORTE');
INSERT INTO bairros(id,nome,zona) VALUES (15,'Compensa','OESTE');
INSERT INTO bairros(id,nome,zona) VALUES (16,'Coroado','LESTE');
INSERT INTO bairros(id,nome,zona) VALUES (17,'Crespo','SUL');
INSERT INTO bairros(id,nome,zona) VALUES (18,'Da Paz','CENTRO_OESTE');
INSERT INTO bairros(id,nome,zona) VALUES (19,'Distrito Industrial I','SUL');
INSERT INTO bairros(id,nome,zona) VALUES (20,'Distrito Industrial II','LESTE');
INSERT INTO bairros(id,nome,zona) VALUES (21,'Dom Pedro','CENTRO_OESTE');
INSERT INTO bairros(id,nome,zona) VALUES (22,'Educandos','SUL');
INSERT INTO bairros(id,nome,zona) VALUES (23,'Flores','CENTRO_SUL');
INSERT INTO bairros(id,nome,zona) VALUES (24,'Gilberto Mestrinho','LESTE');
INSERT INTO bairros(id,nome,zona) VALUES (25,'Glória','OESTE');
INSERT INTO bairros(id,nome,zona) VALUES (26,'Japiim','SUL');
INSERT INTO bairros(id,nome,zona) VALUES (27,'Jorge Teixeira','LESTE');
INSERT INTO bairros(id,nome,zona) VALUES (28,'Lago Azul','NORTE');
INSERT INTO bairros(id,nome,zona) VALUES (29,'Lírio do Vale','OESTE');
INSERT INTO bairros(id,nome,zona) VALUES (30,'Mauazinho','LESTE');
INSERT INTO bairros(id,nome,zona) VALUES (31,'Monte das Oliveiras','NORTE');
INSERT INTO bairros(id,nome,zona) VALUES (32,'Morro da Liberdade','SUL');
INSERT INTO bairros(id,nome,zona) VALUES (33,'Nossa Senhora Aparecida','SUL');
INSERT INTO bairros(id,nome,zona) VALUES (34,'Nossa Senhora das Graças','CENTRO_SUL');
INSERT INTO bairros(id,nome,zona) VALUES (35,'Nova Cidade','NORTE');
INSERT INTO bairros(id,nome,zona) VALUES (36,'Nova Esperança','OESTE');
INSERT INTO bairros(id,nome,zona) VALUES (37,'Novo Aleixo','NORTE');
INSERT INTO bairros(id,nome,zona) VALUES (38,'Novo Israel','NORTE');
INSERT INTO bairros(id,nome,zona) VALUES (39,'Parque 10 de Novembro','CENTRO_SUL');
INSERT INTO bairros(id,nome,zona) VALUES (40,'Petrópolis','SUL');
INSERT INTO bairros(id,nome,zona) VALUES (41,'Planalto','CENTRO_OESTE');
INSERT INTO bairros(id,nome,zona) VALUES (42,'Ponta Negra','OESTE');
INSERT INTO bairros(id,nome,zona) VALUES (43,'Praça 14 de Janeiro','SUL');
INSERT INTO bairros(id,nome,zona) VALUES (44,'Presidente Vargas','SUL');
INSERT INTO bairros(id,nome,zona) VALUES (45,'Puraquequara','LESTE');
INSERT INTO bairros(id,nome,zona) VALUES (46,'Raiz','SUL');
INSERT INTO bairros(id,nome,zona) VALUES (47,'Redençao','CENTRO_OESTE');
INSERT INTO bairros(id,nome,zona) VALUES (48,'Santa Etelvina','NORTE');
INSERT INTO bairros(id,nome,zona) VALUES (49,'Santa Luzia','SUL');
INSERT INTO bairros(id,nome,zona) VALUES (50,'Santo Agostinho','OESTE');
INSERT INTO bairros(id,nome,zona) VALUES (51,'Santo Antônio','OESTE');
INSERT INTO bairros(id,nome,zona) VALUES (52,'Sao Francisco','SUL');
INSERT INTO bairros(id,nome,zona) VALUES (53,'Sao Geraldo','CENTRO_SUL');
INSERT INTO bairros(id,nome,zona) VALUES (54,'Sao Jorge','OESTE');
INSERT INTO bairros(id,nome,zona) VALUES (55,'Sao José Operário','LESTE');
INSERT INTO bairros(id,nome,zona) VALUES (56,'Sao Lázaro','SUL');
INSERT INTO bairros(id,nome,zona) VALUES (57,'Sao Raimundo','OESTE');
INSERT INTO bairros(id,nome,zona) VALUES (58,'Tancredo Neves','LESTE');
INSERT INTO bairros(id,nome,zona) VALUES (59,'Taruma','OESTE');
INSERT INTO bairros(id,nome,zona) VALUES (60,'Taruma-Açu','OESTE');
INSERT INTO bairros(id,nome,zona) VALUES (61,'Vila Buriti','SUL');
INSERT INTO bairros(id,nome,zona) VALUES (62,'Vila da Prata','OESTE');
INSERT INTO bairros(id,nome,zona) VALUES (63,'Zumbi dos Palmares','LESTE');
INSERT INTO bairros(id,nome,zona) VALUES (64,'Não Informado','NORTE');

INSERT INTO tipos_vendas(id,descricao) VALUES (1,'Olx');
INSERT INTO tipos_vendas(id,descricao) VALUES (2,'Face');
INSERT INTO tipos_vendas(id,descricao) VALUES (33,'Loja');
INSERT INTO tipos_vendas(id,descricao) VALUES (34,'Cliente');
INSERT INTO tipos_vendas(id,descricao) VALUES (35,'Indicação');
INSERT INTO tipos_vendas(id,descricao) VALUES (36,'Instagran');
INSERT INTO tipos_vendas(id,descricao) VALUES (37,'Site');
INSERT INTO tipos_vendas(id,descricao) VALUES (3009,'Não Informado');

INSERT INTO tipos_lancamentos(id,descricao,origem) VALUES (42,'Receitas',1);
INSERT INTO tipos_lancamentos(id,descricao,origem) VALUES (40,'Custos',0);
INSERT INTO tipos_lancamentos(id,descricao,origem) VALUES (38,'Despesa fixa',0);
INSERT INTO tipos_lancamentos(id,descricao,origem) VALUES (39,'Despesa variável',0);
INSERT INTO tipos_lancamentos(id,descricao,origem) VALUES (41,'Investimentos',0);

INSERT INTO destino_lancamentos(id,descricao) VALUES (43,'Empresa');
INSERT INTO destino_lancamentos(id,descricao) VALUES (45,'Nilton Dantas');
INSERT INTO destino_lancamentos(id,descricao) VALUES (44,'Tiago Dantas');
INSERT INTO destino_lancamentos(id,descricao) VALUES (46,'Risonildo Dantas');
INSERT INTO destino_lancamentos(id,descricao) VALUES (47,'Tácito Dantas');
INSERT INTO destino_lancamentos(id,descricao) VALUES (35913,'Adriana');

INSERT INTO categoria_lancamentos(id,nome,destinolancamento_id,tipolancamento_id) VALUES (176,'Água',43,38);
INSERT INTO categoria_lancamentos(id,nome,destinolancamento_id,tipolancamento_id) VALUES (177,'Luz',43,38);
INSERT INTO categoria_lancamentos(id,nome,destinolancamento_id,tipolancamento_id) VALUES (37565,'Aporte',47,42);
INSERT INTO categoria_lancamentos(id,nome,destinolancamento_id,tipolancamento_id) VALUES (180,'Aluguel',43,38);
INSERT INTO categoria_lancamentos(id,nome,destinolancamento_id,tipolancamento_id) VALUES (183,'Manutenção de Veículos',43,39);
INSERT INTO categoria_lancamentos(id,nome,destinolancamento_id,tipolancamento_id) VALUES (186,'Manutenção de Equipamentos',43,39);
INSERT INTO categoria_lancamentos(id,nome,destinolancamento_id,tipolancamento_id) VALUES (185,'Despesas com alimentação e mantimentos',43,39);
INSERT INTO categoria_lancamentos(id,nome,destinolancamento_id,tipolancamento_id) VALUES (190,'Aquisição de bens e equipamentos',43,40);
INSERT INTO categoria_lancamentos(id,nome,destinolancamento_id,tipolancamento_id) VALUES (25832,'Avarias',43,39);
INSERT INTO categoria_lancamentos(id,nome,destinolancamento_id,tipolancamento_id) VALUES (25833,'Combustível',43,39);
INSERT INTO categoria_lancamentos(id,nome,destinolancamento_id,tipolancamento_id) VALUES (25834,'Custos e viagens a negócios',43,39);
INSERT INTO categoria_lancamentos(id,nome,destinolancamento_id,tipolancamento_id) VALUES (25836,'Despesas com saúde',43,39);
INSERT INTO categoria_lancamentos(id,nome,destinolancamento_id,tipolancamento_id) VALUES (25837,'Empréstimos',43,41);
INSERT INTO categoria_lancamentos(id,nome,destinolancamento_id,tipolancamento_id) VALUES (25838,'Frete de veículos',43,39);
INSERT INTO categoria_lancamentos(id,nome,destinolancamento_id,tipolancamento_id) VALUES (25839,'Impostos',43,39);
INSERT INTO categoria_lancamentos(id,nome,destinolancamento_id,tipolancamento_id) VALUES (25840,'Limpeza e serviços gerais',43,39);
INSERT INTO categoria_lancamentos(id,nome,destinolancamento_id,tipolancamento_id) VALUES (25841,'Mão de obra com entregas',43,39);
INSERT INTO categoria_lancamentos(id,nome,destinolancamento_id,tipolancamento_id) VALUES (25842,'Mão de obra em aduelas e alisares',43,40);
INSERT INTO categoria_lancamentos(id,nome,destinolancamento_id,tipolancamento_id) VALUES (25843,'Material e serviço de construção',43,39);
INSERT INTO categoria_lancamentos(id,nome,destinolancamento_id,tipolancamento_id) VALUES (25844,'Material indireto',43,39);
INSERT INTO categoria_lancamentos(id,nome,destinolancamento_id,tipolancamento_id) VALUES (25845,'Material para acabamento em aduelas e alisares',43,40);
INSERT INTO categoria_lancamentos(id,nome,destinolancamento_id,tipolancamento_id) VALUES (25846,'Material para serviços em MDF',43,40);
INSERT INTO categoria_lancamentos(id,nome,destinolancamento_id,tipolancamento_id) VALUES (25847,'Material para acabamento em portas',43,40);
INSERT INTO categoria_lancamentos(id,nome,destinolancamento_id,tipolancamento_id) VALUES (25848,'Material para serviços em vidro',43,40);
INSERT INTO categoria_lancamentos(id,nome,destinolancamento_id,tipolancamento_id) VALUES (25849,'Material para uso direto',43,39);
INSERT INTO categoria_lancamentos(id,nome,destinolancamento_id,tipolancamento_id) VALUES (25850,'Outras receitas',43,42);
INSERT INTO categoria_lancamentos(id,nome,destinolancamento_id,tipolancamento_id) VALUES (25851,'Propaganda e marketing',43,39);
INSERT INTO categoria_lancamentos(id,nome,destinolancamento_id,tipolancamento_id) VALUES (25853,'Segurança',43,39);
INSERT INTO categoria_lancamentos(id,nome,destinolancamento_id,tipolancamento_id) VALUES (25854,'Serviço de manutenção em geral',43,39);
INSERT INTO categoria_lancamentos(id,nome,destinolancamento_id,tipolancamento_id) VALUES (178,'Telefone, internet e informática',43,38);
INSERT INTO categoria_lancamentos(id,nome,destinolancamento_id,tipolancamento_id) VALUES (25855,'Transporte',43,38);
INSERT INTO categoria_lancamentos(id,nome,destinolancamento_id,tipolancamento_id) VALUES (25835,'Salários  / Décimo / Férias / Bônus / PLR',43,40);

INSERT INTO compras(id,ano,datacompra,dia,mes,nomedia,numerocompra,quantidadeitens,semana,valortotal,usuario_id) VALUES (28555,2019,'2019-02-15 00:00:00',15,2,6,1,7,7,980.00,1);
INSERT INTO compras(id,ano,datacompra,dia,mes,nomedia,numerocompra,quantidadeitens,semana,valortotal,usuario_id) VALUES (28561,2019,'2019-02-14 00:00:00',14,2,5,3,20,7,2200.00,1);
INSERT INTO compras(id,ano,datacompra,dia,mes,nomedia,numerocompra,quantidadeitens,semana,valortotal,usuario_id) VALUES (28570,2019,'2019-02-10 00:00:00',10,2,1,4,10,7,250.00,1);
INSERT INTO compras(id,ano,datacompra,dia,mes,nomedia,numerocompra,quantidadeitens,semana,valortotal,usuario_id) VALUES (28572,2019,'2019-02-10 00:00:00',10,2,1,5,10,7,180.00,1);
INSERT INTO compras(id,ano,datacompra,dia,mes,nomedia,numerocompra,quantidadeitens,semana,valortotal,usuario_id) VALUES (28574,2019,'2019-02-14 00:00:00',14,2,5,6,1,7,10.00,1);
INSERT INTO compras(id,ano,datacompra,dia,mes,nomedia,numerocompra,quantidadeitens,semana,valortotal,usuario_id) VALUES (28576,2019,'2019-02-20 00:00:00',20,2,4,8,30,8,3300.00,1);
INSERT INTO compras(id,ano,datacompra,dia,mes,nomedia,numerocompra,quantidadeitens,semana,valortotal,usuario_id) VALUES (28586,2019,'2019-02-22 00:00:00',22,2,6,9,10,8,260.00,1);
INSERT INTO compras(id,ano,datacompra,dia,mes,nomedia,numerocompra,quantidadeitens,semana,valortotal,usuario_id) VALUES (28588,2019,'2019-02-22 00:00:00',22,2,6,10,2,8,250.00,1);
INSERT INTO compras(id,ano,datacompra,dia,mes,nomedia,numerocompra,quantidadeitens,semana,valortotal,usuario_id) VALUES (28590,2019,'2019-02-23 00:00:00',23,2,7,11,10,8,180.00,1);
INSERT INTO compras(id,ano,datacompra,dia,mes,nomedia,numerocompra,quantidadeitens,semana,valortotal,usuario_id) VALUES (28592,2019,'2019-03-10 00:00:00',10,3,1,12,52,11,5732.00,1);
INSERT INTO compras(id,ano,datacompra,dia,mes,nomedia,numerocompra,quantidadeitens,semana,valortotal,usuario_id) VALUES (28605,2019,'2019-03-02 00:00:00',2,3,7,13,10,9,250.00,1);
INSERT INTO compras(id,ano,datacompra,dia,mes,nomedia,numerocompra,quantidadeitens,semana,valortotal,usuario_id) VALUES (28607,2019,'2019-03-07 00:00:00',7,3,5,14,10,10,180.00,1);
INSERT INTO compras(id,ano,datacompra,dia,mes,nomedia,numerocompra,quantidadeitens,semana,valortotal,usuario_id) VALUES (28609,2019,'2019-03-08 00:00:00',8,3,6,15,10,10,250.00,1);
INSERT INTO compras(id,ano,datacompra,dia,mes,nomedia,numerocompra,quantidadeitens,semana,valortotal,usuario_id) VALUES (28611,2019,'2019-03-09 00:00:00',9,3,7,16,2,10,30.00,1);
INSERT INTO compras(id,ano,datacompra,dia,mes,nomedia,numerocompra,quantidadeitens,semana,valortotal,usuario_id) VALUES (28613,2018,'2018-03-14 00:00:00',14,3,4,17,10,11,250.00,1);
INSERT INTO compras(id,ano,datacompra,dia,mes,nomedia,numerocompra,quantidadeitens,semana,valortotal,usuario_id) VALUES (28615,2019,'2019-03-10 00:00:00',10,3,1,12,10,11,1100.00,1);
INSERT INTO compras(id,ano,datacompra,dia,mes,nomedia,numerocompra,quantidadeitens,semana,valortotal,usuario_id) VALUES (28617,2019,'2019-03-16 00:00:00',16,3,7,18,30,11,540.00,1);
INSERT INTO compras(id,ano,datacompra,dia,mes,nomedia,numerocompra,quantidadeitens,semana,valortotal,usuario_id) VALUES (28619,2019,'2019-03-18 00:00:00',18,3,2,19,50,12,1250.00,1);
INSERT INTO compras(id,ano,datacompra,dia,mes,nomedia,numerocompra,quantidadeitens,semana,valortotal,usuario_id) VALUES (28621,2019,'2019-03-18 00:00:00',18,3,2,20,112,12,12320.00,1);
INSERT INTO compras(id,ano,datacompra,dia,mes,nomedia,numerocompra,quantidadeitens,semana,valortotal,usuario_id) VALUES (28628,2019,'2019-03-18 00:00:00',18,3,2,21,50,12,900.00,1);
INSERT INTO compras(id,ano,datacompra,dia,mes,nomedia,numerocompra,quantidadeitens,semana,valortotal,usuario_id) VALUES (28630,2019,'2019-03-18 00:00:00',18,3,2,22,20,12,500.00,1);
INSERT INTO compras(id,ano,datacompra,dia,mes,nomedia,numerocompra,quantidadeitens,semana,valortotal,usuario_id) VALUES (28632,2019,'2019-03-27 00:00:00',27,3,4,23,43,13,4730.00,1);
INSERT INTO compras(id,ano,datacompra,dia,mes,nomedia,numerocompra,quantidadeitens,semana,valortotal,usuario_id) VALUES (28642,2019,'2019-04-10 00:00:00',10,4,4,24,45,15,5082.00,1);
INSERT INTO compras(id,ano,datacompra,dia,mes,nomedia,numerocompra,quantidadeitens,semana,valortotal,usuario_id) VALUES (28648,2019,'2019-04-11 00:00:00',11,4,5,25,20,15,500.00,1);
INSERT INTO compras(id,ano,datacompra,dia,mes,nomedia,numerocompra,quantidadeitens,semana,valortotal,usuario_id) VALUES (28650,2019,'2019-04-11 00:00:00',11,4,5,26,70,15,1941.84,1);
INSERT INTO compras(id,ano,datacompra,dia,mes,nomedia,numerocompra,quantidadeitens,semana,valortotal,usuario_id) VALUES (28659,2019,'2019-04-16 00:00:00',16,4,3,27,16,16,400.00,1);
INSERT INTO compras(id,ano,datacompra,dia,mes,nomedia,numerocompra,quantidadeitens,semana,valortotal,usuario_id) VALUES (28661,2019,'2019-04-23 00:00:00',23,4,3,28,66,17,715.26,1);
INSERT INTO compras(id,ano,datacompra,dia,mes,nomedia,numerocompra,quantidadeitens,semana,valortotal,usuario_id) VALUES (28664,2019,'2019-04-24 00:00:00',24,4,4,29,83,17,2075.00,1);
INSERT INTO compras(id,ano,datacompra,dia,mes,nomedia,numerocompra,quantidadeitens,semana,valortotal,usuario_id) VALUES (28666,2019,'2019-04-24 00:00:00',24,4,4,30,60,17,6600.00,1);
INSERT INTO compras(id,ano,datacompra,dia,mes,nomedia,numerocompra,quantidadeitens,semana,valortotal,usuario_id) VALUES (28672,2019,'2019-04-30 00:00:00',30,4,3,31,44,18,792.00,1);
INSERT INTO compras(id,ano,datacompra,dia,mes,nomedia,numerocompra,quantidadeitens,semana,valortotal,usuario_id) VALUES (28674,2019,'2019-04-30 00:00:00',30,4,3,32,135,18,3065.96,1);
INSERT INTO compras(id,ano,datacompra,dia,mes,nomedia,numerocompra,quantidadeitens,semana,valortotal,usuario_id) VALUES (28681,2019,'2019-05-04 00:00:00',4,5,7,33,12,18,300.00,1);
INSERT INTO compras(id,ano,datacompra,dia,mes,nomedia,numerocompra,quantidadeitens,semana,valortotal,usuario_id) VALUES (28683,2019,'2019-05-11 00:00:00',11,5,7,34,30,19,540.00,1);
INSERT INTO compras(id,ano,datacompra,dia,mes,nomedia,numerocompra,quantidadeitens,semana,valortotal,usuario_id) VALUES (28685,2019,'2019-05-14 00:00:00',14,5,3,35,27,20,486.00,1);
INSERT INTO compras(id,ano,datacompra,dia,mes,nomedia,numerocompra,quantidadeitens,semana,valortotal,usuario_id) VALUES (28687,2019,'2019-05-16 00:00:00',16,5,5,36,16,20,1760.00,1);
INSERT INTO compras(id,ano,datacompra,dia,mes,nomedia,numerocompra,quantidadeitens,semana,valortotal,usuario_id) VALUES (28693,2019,'2019-05-18 00:00:00',18,5,7,37,20,20,320.00,1);
INSERT INTO compras(id,ano,datacompra,dia,mes,nomedia,numerocompra,quantidadeitens,semana,valortotal,usuario_id) VALUES (28695,2019,'2019-05-21 00:00:00',21,5,3,38,14,21,1624.00,1);
INSERT INTO compras(id,ano,datacompra,dia,mes,nomedia,numerocompra,quantidadeitens,semana,valortotal,usuario_id) VALUES (28698,2019,'2019-05-21 00:00:00',21,5,3,39,66,21,715.74,1);
INSERT INTO compras(id,ano,datacompra,dia,mes,nomedia,numerocompra,quantidadeitens,semana,valortotal,usuario_id) VALUES (28701,2019,'2019-05-21 00:00:00',21,5,3,40,14,21,550.00,1);
INSERT INTO compras(id,ano,datacompra,dia,mes,nomedia,numerocompra,quantidadeitens,semana,valortotal,usuario_id) VALUES (28704,2019,'2019-05-22 00:00:00',22,5,4,41,19,21,475.00,1);
INSERT INTO compras(id,ano,datacompra,dia,mes,nomedia,numerocompra,quantidadeitens,semana,valortotal,usuario_id) VALUES (28706,2019,'2019-05-22 00:00:00',22,5,4,42,14,21,1414.00,1);
INSERT INTO compras(id,ano,datacompra,dia,mes,nomedia,numerocompra,quantidadeitens,semana,valortotal,usuario_id) VALUES (28708,2019,'2019-05-22 00:00:00',22,5,4,43,120,21,3000.00,1);
INSERT INTO compras(id,ano,datacompra,dia,mes,nomedia,numerocompra,quantidadeitens,semana,valortotal,usuario_id) VALUES (28710,2019,'2019-06-02 00:00:00',2,6,1,44,17,23,306.00,1);
INSERT INTO compras(id,ano,datacompra,dia,mes,nomedia,numerocompra,quantidadeitens,semana,valortotal,usuario_id) VALUES (28712,2019,'2019-06-12 00:00:00',12,6,4,45,360,24,8690.10,1);
INSERT INTO compras(id,ano,datacompra,dia,mes,nomedia,numerocompra,quantidadeitens,semana,valortotal,usuario_id) VALUES (28725,2019,'2019-06-14 00:00:00',14,6,6,46,2,24,202.00,1);
INSERT INTO compras(id,ano,datacompra,dia,mes,nomedia,numerocompra,quantidadeitens,semana,valortotal,usuario_id) VALUES (28727,2019,'2019-06-18 00:00:00',18,6,3,47,96,25,537.12,1);
INSERT INTO compras(id,ano,datacompra,dia,mes,nomedia,numerocompra,quantidadeitens,semana,valortotal,usuario_id) VALUES (28730,2019,'2019-06-19 00:00:00',19,6,4,48,8,25,960.00,1);
INSERT INTO compras(id,ano,datacompra,dia,mes,nomedia,numerocompra,quantidadeitens,semana,valortotal,usuario_id) VALUES (28735,2019,'2019-06-26 00:00:00',26,6,4,49,4,26,200.00,1);
INSERT INTO compras(id,ano,datacompra,dia,mes,nomedia,numerocompra,quantidadeitens,semana,valortotal,usuario_id) VALUES (28737,2019,'2019-06-28 00:00:00',28,6,6,50,50,26,900.00,1);
INSERT INTO compras(id,ano,datacompra,dia,mes,nomedia,numerocompra,quantidadeitens,semana,valortotal,usuario_id) VALUES (28739,2019,'2019-07-03 00:00:00',3,7,4,51,3,27,360.00,1);
INSERT INTO compras(id,ano,datacompra,dia,mes,nomedia,numerocompra,quantidadeitens,semana,valortotal,usuario_id) VALUES (28741,2019,'2019-07-07 00:00:00',7,7,1,52,7,28,862.00,1);
INSERT INTO compras(id,ano,datacompra,dia,mes,nomedia,numerocompra,quantidadeitens,semana,valortotal,usuario_id) VALUES (28747,2019,'2019-07-09 00:00:00',9,7,3,53,4,28,431.00,1);
INSERT INTO compras(id,ano,datacompra,dia,mes,nomedia,numerocompra,quantidadeitens,semana,valortotal,usuario_id) VALUES (28750,2019,'2019-07-16 00:00:00',16,7,3,54,101,29,11126.00,1);
INSERT INTO compras(id,ano,datacompra,dia,mes,nomedia,numerocompra,quantidadeitens,semana,valortotal,usuario_id) VALUES (28773,2019,'2019-07-16 00:00:00',16,7,3,55,3,29,303.00,1);
INSERT INTO compras(id,ano,datacompra,dia,mes,nomedia,numerocompra,quantidadeitens,semana,valortotal,usuario_id) VALUES (28775,2019,'2019-07-26 00:00:00',26,7,6,56,70,30,1260.00,1);
INSERT INTO compras(id,ano,datacompra,dia,mes,nomedia,numerocompra,quantidadeitens,semana,valortotal,usuario_id) VALUES (28777,2019,'2019-07-26 00:00:00',26,7,6,57,22,30,2276.00,1);
INSERT INTO compras(id,ano,datacompra,dia,mes,nomedia,numerocompra,quantidadeitens,semana,valortotal,usuario_id) VALUES (28782,2019,'2019-07-27 00:00:00',27,7,7,58,120,30,575.28,1);
INSERT INTO compras(id,ano,datacompra,dia,mes,nomedia,numerocompra,quantidadeitens,semana,valortotal,usuario_id) VALUES (28785,2019,'2019-07-30 00:00:00',30,7,3,59,7,31,852.00,1);
INSERT INTO compras(id,ano,datacompra,dia,mes,nomedia,numerocompra,quantidadeitens,semana,valortotal,usuario_id) VALUES (28789,2019,'2019-07-31 00:00:00',31,7,4,60,7,31,707.00,1);
INSERT INTO compras(id,ano,datacompra,dia,mes,nomedia,numerocompra,quantidadeitens,semana,valortotal,usuario_id) VALUES (28792,2019,'2019-08-08 00:00:00',8,8,5,61,30,32,3282.00,1);
INSERT INTO compras(id,ano,datacompra,dia,mes,nomedia,numerocompra,quantidadeitens,semana,valortotal,usuario_id) VALUES (28801,2019,'2019-08-08 00:00:00',8,8,5,62,7,32,552.00,1);
INSERT INTO compras(id,ano,datacompra,dia,mes,nomedia,numerocompra,quantidadeitens,semana,valortotal,usuario_id) VALUES (28805,2019,'2019-08-16 00:00:00',16,8,6,63,20,33,2260.00,1);
INSERT INTO compras(id,ano,datacompra,dia,mes,nomedia,numerocompra,quantidadeitens,semana,valortotal,usuario_id) VALUES (28813,2019,'2019-08-19 00:00:00',19,8,2,64,17,34,306.00,1);
INSERT INTO compras(id,ano,datacompra,dia,mes,nomedia,numerocompra,quantidadeitens,semana,valortotal,usuario_id) VALUES (28815,2019,'2019-08-21 00:00:00',21,8,4,65,20,34,590.00,1);
INSERT INTO compras(id,ano,datacompra,dia,mes,nomedia,numerocompra,quantidadeitens,semana,valortotal,usuario_id) VALUES (28817,2019,'2019-08-22 00:00:00',22,8,5,66,35,34,3742.00,1);
INSERT INTO compras(id,ano,datacompra,dia,mes,nomedia,numerocompra,quantidadeitens,semana,valortotal,usuario_id) VALUES (28825,2019,'2019-08-22 00:00:00',22,8,5,67,30,34,540.00,1);
INSERT INTO compras(id,ano,datacompra,dia,mes,nomedia,numerocompra,quantidadeitens,semana,valortotal,usuario_id) VALUES (28827,2019,'2019-08-29 00:00:00',29,8,5,68,5,35,250.00,1);
INSERT INTO compras(id,ano,datacompra,dia,mes,nomedia,numerocompra,quantidadeitens,semana,valortotal,usuario_id) VALUES (28829,2019,'2019-08-29 00:00:00',29,8,5,69,11,35,1221.20,1);
INSERT INTO compras(id,ano,datacompra,dia,mes,nomedia,numerocompra,quantidadeitens,semana,valortotal,usuario_id) VALUES (28833,2019,'2019-09-04 00:00:00',4,9,4,70,10,36,1000.00,1);
INSERT INTO compras(id,ano,datacompra,dia,mes,nomedia,numerocompra,quantidadeitens,semana,valortotal,usuario_id) VALUES (28837,2019,'2019-09-07 00:00:00',7,9,7,71,1,36,140.00,1);
INSERT INTO compras(id,ano,datacompra,dia,mes,nomedia,numerocompra,quantidadeitens,semana,valortotal,usuario_id) VALUES (28839,2019,'2019-09-07 00:00:00',7,9,7,72,29,36,812.00,1);
INSERT INTO compras(id,ano,datacompra,dia,mes,nomedia,numerocompra,quantidadeitens,semana,valortotal,usuario_id) VALUES (28845,2019,'2019-09-12 00:00:00',12,9,5,74,30,37,540.00,1);
INSERT INTO compras(id,ano,datacompra,dia,mes,nomedia,numerocompra,quantidadeitens,semana,valortotal,usuario_id) VALUES (28852,2019,'2019-09-16 00:00:00',16,9,2,76,365,38,10957.77,1);
INSERT INTO compras(id,ano,datacompra,dia,mes,nomedia,numerocompra,quantidadeitens,semana,valortotal,usuario_id) VALUES (28867,2019,'2019-09-20 00:00:00',20,9,6,78,132,38,677.64,1);
INSERT INTO compras(id,ano,datacompra,dia,mes,nomedia,numerocompra,quantidadeitens,semana,valortotal,usuario_id) VALUES (28879,2019,'2019-09-20 00:00:00',20,9,6,80,27,38,765.00,1);
INSERT INTO compras(id,ano,datacompra,dia,mes,nomedia,numerocompra,quantidadeitens,semana,valortotal,usuario_id) VALUES (28899,2019,'2019-09-26 00:00:00',26,9,5,82,5,39,500.00,1);
INSERT INTO compras(id,ano,datacompra,dia,mes,nomedia,numerocompra,quantidadeitens,semana,valortotal,usuario_id) VALUES (28903,2019,'2019-10-01 00:00:00',1,10,3,84,10,40,300.00,1);
INSERT INTO compras(id,ano,datacompra,dia,mes,nomedia,numerocompra,quantidadeitens,semana,valortotal,usuario_id) VALUES (28907,2019,'2019-10-04 00:00:00',4,10,6,86,33,40,3300.00,1);
INSERT INTO compras(id,ano,datacompra,dia,mes,nomedia,numerocompra,quantidadeitens,semana,valortotal,usuario_id) VALUES (28915,2019,'2019-10-07 00:00:00',7,10,2,88,5,41,250.00,1);
INSERT INTO compras(id,ano,datacompra,dia,mes,nomedia,numerocompra,quantidadeitens,semana,valortotal,usuario_id) VALUES (28919,2019,'2019-10-11 00:00:00',11,10,6,90,37,41,3700.00,1);
INSERT INTO compras(id,ano,datacompra,dia,mes,nomedia,numerocompra,quantidadeitens,semana,valortotal,usuario_id) VALUES (28926,2019,'2019-10-11 00:00:00',11,10,6,92,12,41,1200.00,1);
INSERT INTO compras(id,ano,datacompra,dia,mes,nomedia,numerocompra,quantidadeitens,semana,valortotal,usuario_id) VALUES (28934,2019,'2019-10-14 00:00:00',14,10,2,94,132,42,677.64,1);
INSERT INTO compras(id,ano,datacompra,dia,mes,nomedia,numerocompra,quantidadeitens,semana,valortotal,usuario_id) VALUES (28941,2019,'2019-10-16 00:00:00',16,10,4,96,16,42,400.00,1);
INSERT INTO compras(id,ano,datacompra,dia,mes,nomedia,numerocompra,quantidadeitens,semana,valortotal,usuario_id) VALUES (28945,2019,'2019-10-18 00:00:00',18,10,6,98,24,42,600.00,1);
INSERT INTO compras(id,ano,datacompra,dia,mes,nomedia,numerocompra,quantidadeitens,semana,valortotal,usuario_id) VALUES (28949,2019,'2019-10-23 00:00:00',23,10,4,100,25,43,2500.00,1);
INSERT INTO compras(id,ano,datacompra,dia,mes,nomedia,numerocompra,quantidadeitens,semana,valortotal,usuario_id) VALUES (28956,2019,'2019-10-25 00:00:00',25,10,6,102,53,43,5320.00,1);
INSERT INTO compras(id,ano,datacompra,dia,mes,nomedia,numerocompra,quantidadeitens,semana,valortotal,usuario_id) VALUES (28975,2019,'2019-10-26 00:00:00',26,10,7,104,50,43,850.00,1);
INSERT INTO compras(id,ano,datacompra,dia,mes,nomedia,numerocompra,quantidadeitens,semana,valortotal,usuario_id) VALUES (28992,2019,'2019-10-31 00:00:00',31,10,5,106,35,44,595.00,1);
INSERT INTO compras(id,ano,datacompra,dia,mes,nomedia,numerocompra,quantidadeitens,semana,valortotal,usuario_id) VALUES (29004,2019,'2019-11-01 00:00:00',1,11,6,108,143,44,1349.48,1);
INSERT INTO compras(id,ano,datacompra,dia,mes,nomedia,numerocompra,quantidadeitens,semana,valortotal,usuario_id) VALUES (29013,2019,'2019-11-07 00:00:00',7,11,5,110,70,45,7180.00,1);
INSERT INTO compras(id,ano,datacompra,dia,mes,nomedia,numerocompra,quantidadeitens,semana,valortotal,usuario_id) VALUES (29031,2019,'2019-11-08 00:00:00',8,11,6,112,40,45,948.40,1);
INSERT INTO compras(id,ano,datacompra,dia,mes,nomedia,numerocompra,quantidadeitens,semana,valortotal,usuario_id) VALUES (29043,2019,'2019-11-13 00:00:00',13,11,4,114,30,46,540.00,1);
INSERT INTO compras(id,ano,datacompra,dia,mes,nomedia,numerocompra,quantidadeitens,semana,valortotal,usuario_id) VALUES (29047,2019,'2019-11-18 00:00:00',18,11,2,116,32,47,960.00,1);
INSERT INTO compras(id,ano,datacompra,dia,mes,nomedia,numerocompra,quantidadeitens,semana,valortotal,usuario_id) VALUES (29051,2019,'2019-11-19 00:00:00',19,11,3,118,5,47,600.00,1);
INSERT INTO compras(id,ano,datacompra,dia,mes,nomedia,numerocompra,quantidadeitens,semana,valortotal,usuario_id) VALUES (29060,2019,'2019-11-22 00:00:00',22,11,6,120,27,47,2740.00,1);
INSERT INTO compras(id,ano,datacompra,dia,mes,nomedia,numerocompra,quantidadeitens,semana,valortotal,usuario_id) VALUES (29066,2019,'2019-11-26 00:00:00',26,11,3,122,193,48,953.01,1);
INSERT INTO compras(id,ano,datacompra,dia,mes,nomedia,numerocompra,quantidadeitens,semana,valortotal,usuario_id) VALUES (29077,2019,'2019-11-27 00:00:00',27,11,4,124,22,48,2260.00,1);
INSERT INTO compras(id,ano,datacompra,dia,mes,nomedia,numerocompra,quantidadeitens,semana,valortotal,usuario_id) VALUES (29088,2019,'2019-11-28 00:00:00',28,11,5,126,18,48,450.00,1);
INSERT INTO compras(id,ano,datacompra,dia,mes,nomedia,numerocompra,quantidadeitens,semana,valortotal,usuario_id) VALUES (29092,2019,'2019-11-29 00:00:00',29,11,6,128,17,48,660.00,1);
INSERT INTO compras(id,ano,datacompra,dia,mes,nomedia,numerocompra,quantidadeitens,semana,valortotal,usuario_id) VALUES (29097,2019,'2019-11-30 00:00:00',30,11,7,130,9,48,225.00,1);
INSERT INTO compras(id,ano,datacompra,dia,mes,nomedia,numerocompra,quantidadeitens,semana,valortotal,usuario_id) VALUES (29111,2019,'2019-12-06 00:00:00',6,12,6,132,61,49,6280.00,1);
INSERT INTO compras(id,ano,datacompra,dia,mes,nomedia,numerocompra,quantidadeitens,semana,valortotal,usuario_id) VALUES (29130,2019,'2019-12-11 00:00:00',11,12,4,134,97,50,9700.00,1);
INSERT INTO compras(id,ano,datacompra,dia,mes,nomedia,numerocompra,quantidadeitens,semana,valortotal,usuario_id) VALUES (29146,2019,'2019-12-13 00:00:00',13,12,6,136,22,50,638.00,1);
INSERT INTO compras(id,ano,datacompra,dia,mes,nomedia,numerocompra,quantidadeitens,semana,valortotal,usuario_id) VALUES (29162,2019,'2019-12-19 00:00:00',19,12,5,138,20,51,1880.00,1);
INSERT INTO compras(id,ano,datacompra,dia,mes,nomedia,numerocompra,quantidadeitens,semana,valortotal,usuario_id) VALUES (29168,2019,'2019-12-23 00:00:00',23,12,2,140,63,52,6300.00,1);
INSERT INTO compras(id,ano,datacompra,dia,mes,nomedia,numerocompra,quantidadeitens,semana,valortotal,usuario_id) VALUES (29183,2019,'2019-12-26 00:00:00',26,12,5,142,6,52,300.00,1);
INSERT INTO compras(id,ano,datacompra,dia,mes,nomedia,numerocompra,quantidadeitens,semana,valortotal,usuario_id) VALUES (29187,2019,'2019-12-28 00:00:00',28,12,7,144,6,52,150.00,1);
INSERT INTO compras(id,ano,datacompra,dia,mes,nomedia,numerocompra,quantidadeitens,semana,valortotal,usuario_id) VALUES (29197,2020,'2020-01-07 00:00:00',7,1,3,146,52,2,936.00,1);
INSERT INTO compras(id,ano,datacompra,dia,mes,nomedia,numerocompra,quantidadeitens,semana,valortotal,usuario_id) VALUES (29201,2020,'2020-01-09 00:00:00',9,1,5,148,4,2,480.00,1);
INSERT INTO compras(id,ano,datacompra,dia,mes,nomedia,numerocompra,quantidadeitens,semana,valortotal,usuario_id) VALUES (29205,2020,'2020-01-15 00:00:00',15,1,4,150,24,3,600.00,1);
INSERT INTO compras(id,ano,datacompra,dia,mes,nomedia,numerocompra,quantidadeitens,semana,valortotal,usuario_id) VALUES (29209,2020,'2020-01-17 00:00:00',17,1,6,152,1,3,50.00,1);
INSERT INTO compras(id,ano,datacompra,dia,mes,nomedia,numerocompra,quantidadeitens,semana,valortotal,usuario_id) VALUES (29213,2020,'2020-01-17 00:00:00',17,1,6,154,122,3,11310.00,1);
INSERT INTO compras(id,ano,datacompra,dia,mes,nomedia,numerocompra,quantidadeitens,semana,valortotal,usuario_id) VALUES (29241,2020,'2020-01-18 00:00:00',18,1,7,156,192,3,817.92,1);
INSERT INTO compras(id,ano,datacompra,dia,mes,nomedia,numerocompra,quantidadeitens,semana,valortotal,usuario_id) VALUES (29245,2020,'2020-01-22 00:00:00',22,1,4,158,70,4,6605.00,1);
INSERT INTO compras(id,ano,datacompra,dia,mes,nomedia,numerocompra,quantidadeitens,semana,valortotal,usuario_id) VALUES (29257,2020,'2020-01-27 00:00:00',27,1,2,160,4,5,380.00,1);
INSERT INTO compras(id,ano,datacompra,dia,mes,nomedia,numerocompra,quantidadeitens,semana,valortotal,usuario_id) VALUES (29261,2020,'2020-01-29 00:00:00',29,1,4,162,22,5,550.00,1);
INSERT INTO compras(id,ano,datacompra,dia,mes,nomedia,numerocompra,quantidadeitens,semana,valortotal,usuario_id) VALUES (29265,2020,'2020-01-30 00:00:00',30,1,5,164,44,5,4116.00,1);
INSERT INTO compras(id,ano,datacompra,dia,mes,nomedia,numerocompra,quantidadeitens,semana,valortotal,usuario_id) VALUES (29279,2020,'2020-02-01 00:00:00',1,2,7,166,5,5,140.00,1);
INSERT INTO compras(id,ano,datacompra,dia,mes,nomedia,numerocompra,quantidadeitens,semana,valortotal,usuario_id) VALUES (29302,2020,'2020-02-06 00:00:00',6,2,5,168,1,6,95.00,1);
INSERT INTO compras(id,ano,datacompra,dia,mes,nomedia,numerocompra,quantidadeitens,semana,valortotal,usuario_id) VALUES (29306,2020,'2020-02-11 00:00:00',11,2,3,170,22,7,550.00,1);
INSERT INTO compras(id,ano,datacompra,dia,mes,nomedia,numerocompra,quantidadeitens,semana,valortotal,usuario_id) VALUES (29313,2020,'2020-02-12 00:00:00',12,2,4,172,1,7,95.00,1);
INSERT INTO compras(id,ano,datacompra,dia,mes,nomedia,numerocompra,quantidadeitens,semana,valortotal,usuario_id) VALUES (29331,2020,'2020-02-14 00:00:00',14,2,6,174,168,7,940.08,1);
INSERT INTO compras(id,ano,datacompra,dia,mes,nomedia,numerocompra,quantidadeitens,semana,valortotal,usuario_id) VALUES (29347,2020,'2020-02-19 00:00:00',19,2,4,176,150,8,12366.00,1);
INSERT INTO compras(id,ano,datacompra,dia,mes,nomedia,numerocompra,quantidadeitens,semana,valortotal,usuario_id) VALUES (29370,2020,'2020-02-29 00:00:00',29,2,7,178,13,9,579.93,1);
INSERT INTO compras(id,ano,datacompra,dia,mes,nomedia,numerocompra,quantidadeitens,semana,valortotal,usuario_id) VALUES (29374,2020,'2020-03-09 00:00:00',9,3,2,180,80,11,7496.00,1);
INSERT INTO compras(id,ano,datacompra,dia,mes,nomedia,numerocompra,quantidadeitens,semana,valortotal,usuario_id) VALUES (28841,2019,'2019-09-09 00:00:00',9,9,2,73,9,37,900.00,1);
INSERT INTO compras(id,ano,datacompra,dia,mes,nomedia,numerocompra,quantidadeitens,semana,valortotal,usuario_id) VALUES (28847,2019,'2019-09-12 00:00:00',12,9,5,75,23,37,2300.00,1);
INSERT INTO compras(id,ano,datacompra,dia,mes,nomedia,numerocompra,quantidadeitens,semana,valortotal,usuario_id) VALUES (28865,2019,'2019-09-20 00:00:00',20,9,6,77,50,38,750.00,1);
INSERT INTO compras(id,ano,datacompra,dia,mes,nomedia,numerocompra,quantidadeitens,semana,valortotal,usuario_id) VALUES (28870,2019,'2019-09-20 00:00:00',20,9,6,79,31,38,3220.00,1);
INSERT INTO compras(id,ano,datacompra,dia,mes,nomedia,numerocompra,quantidadeitens,semana,valortotal,usuario_id) VALUES (28882,2019,'2019-09-25 00:00:00',25,9,4,81,54,39,5400.00,1);
INSERT INTO compras(id,ano,datacompra,dia,mes,nomedia,numerocompra,quantidadeitens,semana,valortotal,usuario_id) VALUES (28901,2019,'2019-10-01 00:00:00',1,10,3,83,1,40,120.00,1);
INSERT INTO compras(id,ano,datacompra,dia,mes,nomedia,numerocompra,quantidadeitens,semana,valortotal,usuario_id) VALUES (28905,2019,'2019-10-02 00:00:00',2,10,4,85,39,40,1092.00,1);
INSERT INTO compras(id,ano,datacompra,dia,mes,nomedia,numerocompra,quantidadeitens,semana,valortotal,usuario_id) VALUES (28913,2019,'2019-10-07 00:00:00',7,10,2,87,4,41,400.00,1);
INSERT INTO compras(id,ano,datacompra,dia,mes,nomedia,numerocompra,quantidadeitens,semana,valortotal,usuario_id) VALUES (28917,2019,'2019-10-08 00:00:00',8,10,3,89,40,41,720.00,1);
INSERT INTO compras(id,ano,datacompra,dia,mes,nomedia,numerocompra,quantidadeitens,semana,valortotal,usuario_id) VALUES (28923,2019,'2019-10-11 00:00:00',11,10,6,91,80,41,1650.00,1);
INSERT INTO compras(id,ano,datacompra,dia,mes,nomedia,numerocompra,quantidadeitens,semana,valortotal,usuario_id) VALUES (28932,2019,'2019-10-14 00:00:00',14,10,2,93,10,42,1200.00,1);
INSERT INTO compras(id,ano,datacompra,dia,mes,nomedia,numerocompra,quantidadeitens,semana,valortotal,usuario_id) VALUES (28937,2019,'2019-10-16 00:00:00',16,10,4,95,16,42,1600.00,1);
INSERT INTO compras(id,ano,datacompra,dia,mes,nomedia,numerocompra,quantidadeitens,semana,valortotal,usuario_id) VALUES (28943,2019,'2019-10-16 00:00:00',16,10,4,97,67,42,1206.00,1);
INSERT INTO compras(id,ano,datacompra,dia,mes,nomedia,numerocompra,quantidadeitens,semana,valortotal,usuario_id) VALUES (28947,2019,'2019-10-18 00:00:00',18,10,6,99,2,42,240.00,1);
INSERT INTO compras(id,ano,datacompra,dia,mes,nomedia,numerocompra,quantidadeitens,semana,valortotal,usuario_id) VALUES (28954,2019,'2019-10-23 00:00:00',23,10,4,101,97,43,2619.00,1);
INSERT INTO compras(id,ano,datacompra,dia,mes,nomedia,numerocompra,quantidadeitens,semana,valortotal,usuario_id) VALUES (28973,2019,'2019-10-26 00:00:00',26,10,7,103,59,43,1593.00,1);
INSERT INTO compras(id,ano,datacompra,dia,mes,nomedia,numerocompra,quantidadeitens,semana,valortotal,usuario_id) VALUES (28977,2019,'2019-10-29 00:00:00',29,10,3,105,88,44,9040.00,1);
INSERT INTO compras(id,ano,datacompra,dia,mes,nomedia,numerocompra,quantidadeitens,semana,valortotal,usuario_id) VALUES (28994,2019,'2019-11-01 00:00:00',1,11,6,107,57,44,5900.00,1);
INSERT INTO compras(id,ano,datacompra,dia,mes,nomedia,numerocompra,quantidadeitens,semana,valortotal,usuario_id) VALUES (29009,2019,'2019-11-04 00:00:00',4,11,2,109,20,45,2000.00,1);
INSERT INTO compras(id,ano,datacompra,dia,mes,nomedia,numerocompra,quantidadeitens,semana,valortotal,usuario_id) VALUES (29028,2019,'2019-11-08 00:00:00',8,11,6,111,20,45,2000.00,1);
INSERT INTO compras(id,ano,datacompra,dia,mes,nomedia,numerocompra,quantidadeitens,semana,valortotal,usuario_id) VALUES (29033,2019,'2019-11-12 00:00:00',12,11,3,113,40,46,4000.00,1);
INSERT INTO compras(id,ano,datacompra,dia,mes,nomedia,numerocompra,quantidadeitens,semana,valortotal,usuario_id) VALUES (29045,2019,'2019-11-13 00:00:00',13,11,4,115,100,46,1700.00,1);
INSERT INTO compras(id,ano,datacompra,dia,mes,nomedia,numerocompra,quantidadeitens,semana,valortotal,usuario_id) VALUES (29049,2019,'2019-11-18 00:00:00',18,11,2,117,3,47,120.00,1);
INSERT INTO compras(id,ano,datacompra,dia,mes,nomedia,numerocompra,quantidadeitens,semana,valortotal,usuario_id) VALUES (29053,2019,'2019-11-22 00:00:00',22,11,6,119,440,47,10876.95,1);
INSERT INTO compras(id,ano,datacompra,dia,mes,nomedia,numerocompra,quantidadeitens,semana,valortotal,usuario_id) VALUES (29064,2019,'2019-11-22 00:00:00',22,11,6,121,190,47,3230.00,1);
INSERT INTO compras(id,ano,datacompra,dia,mes,nomedia,numerocompra,quantidadeitens,semana,valortotal,usuario_id) VALUES (29069,2019,'2019-11-26 00:00:00',26,11,3,123,27,48,2800.00,1);
INSERT INTO compras(id,ano,datacompra,dia,mes,nomedia,numerocompra,quantidadeitens,semana,valortotal,usuario_id) VALUES (29084,2019,'2019-11-28 00:00:00',28,11,5,125,11,48,1100.00,1);
INSERT INTO compras(id,ano,datacompra,dia,mes,nomedia,numerocompra,quantidadeitens,semana,valortotal,usuario_id) VALUES (29090,2019,'2019-11-29 00:00:00',29,11,6,127,9,48,360.00,1);
INSERT INTO compras(id,ano,datacompra,dia,mes,nomedia,numerocompra,quantidadeitens,semana,valortotal,usuario_id) VALUES (29095,2019,'2019-11-30 00:00:00',30,11,7,129,55,48,1567.50,1);
INSERT INTO compras(id,ano,datacompra,dia,mes,nomedia,numerocompra,quantidadeitens,semana,valortotal,usuario_id) VALUES (29099,2019,'2019-12-03 00:00:00',3,12,3,131,60,49,6040.00,1);
INSERT INTO compras(id,ano,datacompra,dia,mes,nomedia,numerocompra,quantidadeitens,semana,valortotal,usuario_id) VALUES (29128,2019,'2019-12-07 00:00:00',7,12,7,133,77,49,2233.00,1);
INSERT INTO compras(id,ano,datacompra,dia,mes,nomedia,numerocompra,quantidadeitens,semana,valortotal,usuario_id) VALUES (29144,2019,'2019-12-13 00:00:00',13,12,6,135,4,50,100.00,1);
INSERT INTO compras(id,ano,datacompra,dia,mes,nomedia,numerocompra,quantidadeitens,semana,valortotal,usuario_id) VALUES (29148,2019,'2019-12-19 00:00:00',19,12,5,137,58,51,5800.00,1);
INSERT INTO compras(id,ano,datacompra,dia,mes,nomedia,numerocompra,quantidadeitens,semana,valortotal,usuario_id) VALUES (29165,2019,'2019-12-20 00:00:00',20,12,6,139,132,51,677.64,1);
INSERT INTO compras(id,ano,datacompra,dia,mes,nomedia,numerocompra,quantidadeitens,semana,valortotal,usuario_id) VALUES (29181,2019,'2019-12-24 00:00:00',24,12,3,141,30,52,840.00,1);
INSERT INTO compras(id,ano,datacompra,dia,mes,nomedia,numerocompra,quantidadeitens,semana,valortotal,usuario_id) VALUES (29185,2019,'2019-12-26 00:00:00',26,12,5,143,20,52,500.00,1);
INSERT INTO compras(id,ano,datacompra,dia,mes,nomedia,numerocompra,quantidadeitens,semana,valortotal,usuario_id) VALUES (29189,2019,'2019-12-30 00:00:00',30,12,2,145,36,1,3600.00,1);
INSERT INTO compras(id,ano,datacompra,dia,mes,nomedia,numerocompra,quantidadeitens,semana,valortotal,usuario_id) VALUES (29199,2020,'2020-01-07 00:00:00',7,1,3,147,15,2,1500.00,1);
INSERT INTO compras(id,ano,datacompra,dia,mes,nomedia,numerocompra,quantidadeitens,semana,valortotal,usuario_id) VALUES (29203,2020,'2020-01-14 00:00:00',14,1,3,149,2,3,230.00,1);
INSERT INTO compras(id,ano,datacompra,dia,mes,nomedia,numerocompra,quantidadeitens,semana,valortotal,usuario_id) VALUES (29207,2020,'2020-01-17 00:00:00',17,1,6,151,50,3,900.00,1);
INSERT INTO compras(id,ano,datacompra,dia,mes,nomedia,numerocompra,quantidadeitens,semana,valortotal,usuario_id) VALUES (29211,2020,'2020-01-17 00:00:00',17,1,6,153,28,3,700.00,1);
INSERT INTO compras(id,ano,datacompra,dia,mes,nomedia,numerocompra,quantidadeitens,semana,valortotal,usuario_id) VALUES (29239,2020,'2020-01-18 00:00:00',18,1,7,155,20,3,500.00,1);
INSERT INTO compras(id,ano,datacompra,dia,mes,nomedia,numerocompra,quantidadeitens,semana,valortotal,usuario_id) VALUES (29243,2020,'2020-01-21 00:00:00',21,1,3,157,62,4,1550.00,1);
INSERT INTO compras(id,ano,datacompra,dia,mes,nomedia,numerocompra,quantidadeitens,semana,valortotal,usuario_id) VALUES (29255,2020,'2020-01-25 00:00:00',25,1,7,159,232,4,3944.00,1);
INSERT INTO compras(id,ano,datacompra,dia,mes,nomedia,numerocompra,quantidadeitens,semana,valortotal,usuario_id) VALUES (29259,2020,'2020-01-27 00:00:00',27,1,2,161,5,5,475.00,1);
INSERT INTO compras(id,ano,datacompra,dia,mes,nomedia,numerocompra,quantidadeitens,semana,valortotal,usuario_id) VALUES (29263,2020,'2020-01-29 00:00:00',29,1,4,163,2,5,100.00,1);
INSERT INTO compras(id,ano,datacompra,dia,mes,nomedia,numerocompra,quantidadeitens,semana,valortotal,usuario_id) VALUES (29277,2020,'2020-02-01 00:00:00',1,2,7,165,2,5,120.00,1);
INSERT INTO compras(id,ano,datacompra,dia,mes,nomedia,numerocompra,quantidadeitens,semana,valortotal,usuario_id) VALUES (29281,2020,'2020-02-06 00:00:00',6,2,5,167,110,6,10362.00,1);
INSERT INTO compras(id,ano,datacompra,dia,mes,nomedia,numerocompra,quantidadeitens,semana,valortotal,usuario_id) VALUES (29304,2020,'2020-02-07 00:00:00',7,2,6,169,50,6,1400.00,1);
INSERT INTO compras(id,ano,datacompra,dia,mes,nomedia,numerocompra,quantidadeitens,semana,valortotal,usuario_id) VALUES (29308,2020,'2020-02-12 00:00:00',12,2,4,171,28,7,2380.00,1);
INSERT INTO compras(id,ano,datacompra,dia,mes,nomedia,numerocompra,quantidadeitens,semana,valortotal,usuario_id) VALUES (29315,2020,'2020-02-13 00:00:00',13,2,5,173,80,7,7630.00,1);
INSERT INTO compras(id,ano,datacompra,dia,mes,nomedia,numerocompra,quantidadeitens,semana,valortotal,usuario_id) VALUES (29334,2020,'2020-02-15 00:00:00',15,2,7,175,490,7,12762.00,1);
INSERT INTO compras(id,ano,datacompra,dia,mes,nomedia,numerocompra,quantidadeitens,semana,valortotal,usuario_id) VALUES (29368,2020,'2020-02-28 00:00:00',28,2,6,177,28,9,700.00,1);
INSERT INTO compras(id,ano,datacompra,dia,mes,nomedia,numerocompra,quantidadeitens,semana,valortotal,usuario_id) VALUES (29372,2020,'2020-03-03 00:00:00',3,3,3,179,20,10,500.00,1);
INSERT INTO compras(id,ano,datacompra,dia,mes,nomedia,numerocompra,quantidadeitens,semana,valortotal,usuario_id) VALUES (29390,2020,'2020-03-09 00:00:00',9,3,2,181,1,11,50.00,1);
INSERT INTO compras(id,ano,datacompra,dia,mes,nomedia,numerocompra,quantidadeitens,semana,valortotal,usuario_id) VALUES (29392,2020,'2020-03-12 00:00:00',12,3,5,182,207,11,3519.00,1);
INSERT INTO compras(id,ano,datacompra,dia,mes,nomedia,numerocompra,quantidadeitens,semana,valortotal,usuario_id) VALUES (29394,2020,'2020-03-12 00:00:00',12,3,5,183,20,11,500.00,1);
INSERT INTO compras(id,ano,datacompra,dia,mes,nomedia,numerocompra,quantidadeitens,semana,valortotal,usuario_id) VALUES (29396,2020,'2020-03-13 00:00:00',13,3,6,184,50,11,1400.00,1);
INSERT INTO compras(id,ano,datacompra,dia,mes,nomedia,numerocompra,quantidadeitens,semana,valortotal,usuario_id) VALUES (29398,2020,'2020-03-13 00:00:00',13,3,6,185,7,11,805.00,1);
INSERT INTO compras(id,ano,datacompra,dia,mes,nomedia,numerocompra,quantidadeitens,semana,valortotal,usuario_id) VALUES (29402,2020,'2020-03-17 00:00:00',17,3,3,186,15,12,375.00,1);
INSERT INTO compras(id,ano,datacompra,dia,mes,nomedia,numerocompra,quantidadeitens,semana,valortotal,usuario_id) VALUES (29404,2020,'2020-03-18 00:00:00',18,3,4,187,2,12,230.00,1);
INSERT INTO compras(id,ano,datacompra,dia,mes,nomedia,numerocompra,quantidadeitens,semana,valortotal,usuario_id) VALUES (29406,2020,'2020-03-20 00:00:00',20,3,6,188,24,12,2295.00,1);
INSERT INTO compras(id,ano,datacompra,dia,mes,nomedia,numerocompra,quantidadeitens,semana,valortotal,usuario_id) VALUES (29411,2020,'2020-03-24 00:00:00',24,3,3,189,30,13,750.00,1);
INSERT INTO compras(id,ano,datacompra,dia,mes,nomedia,numerocompra,quantidadeitens,semana,valortotal,usuario_id) VALUES (29413,2020,'2020-03-24 00:00:00',24,3,3,190,144,13,677.52,1);
INSERT INTO compras(id,ano,datacompra,dia,mes,nomedia,numerocompra,quantidadeitens,semana,valortotal,usuario_id) VALUES (29416,2020,'2020-04-01 00:00:00',1,4,4,191,32,14,3140.00,1);
INSERT INTO compras(id,ano,datacompra,dia,mes,nomedia,numerocompra,quantidadeitens,semana,valortotal,usuario_id) VALUES (29423,2020,'2020-04-01 00:00:00',1,4,4,192,2,14,230.00,1);
